When,Type,Alberta,BritishColumbia,Canada,Manitoba,NewBrunswick,NewfoundlandAndLabrador,NovaScotia,Ontario,PrinceEdwardIsland,Quebec,Saskatchewan
01/01/1962,All Others,261,,,,,,,,,,
01/01/1962,Total,635,449,4576,75,16,22,65,1593,3,1603,115
01/01/1962,Single Detached,374,,,,,,,,,,
02/01/1962,Total,573,865,3417,65,5,8,35,737,1,1059,69
02/01/1962,All Others,117,,,,,,,,,,
02/01/1962,Single Detached,456,,,,,,,,,,
03/01/1962,All Others,211,,,,,,,,,,
03/01/1962,Single Detached,313,,,,,,,,,,
03/01/1962,Total,524,672,5484,218,9,17,55,1475,0,2441,73
04/01/1962,All Others,248,,,,,,,,,,
04/01/1962,Total,826,782,8547,225,77,22,123,3152,0,3147,193
04/01/1962,Single Detached,578,,,,,,,,,,
05/01/1962,Single Detached,659,,,,,,,,,,
05/01/1962,All Others,702,,,,,,,,,,
05/01/1962,Total,1361,777,9847,256,110,49,153,4188,0,2621,332
06/01/1962,Total,1079,1067,12011,553,191,44,456,4542,10,3712,357
06/01/1962,Single Detached,727,,,,,,,,,,
06/01/1962,All Others,352,,,,,,,,,,
07/01/1962,Single Detached,779,,,,,,,,,,
07/01/1962,All Others,537,,,,,,,,,,
07/01/1962,Total,1316,789,11023,286,194,28,153,4378,6,3559,314
08/01/1962,Total,1395,989,9861,476,159,31,103,3757,6,2655,290
08/01/1962,All Others,568,,,,,,,,,,
08/01/1962,Single Detached,827,,,,,,,,,,
09/01/1962,Total,906,922,9239,280,136,57,168,3178,2,3288,302
09/01/1962,Single Detached,605,,,,,,,,,,
09/01/1962,All Others,301,,,,,,,,,,
10/01/1962,All Others,554,,,,,,,,,,
10/01/1962,Total,1089,821,10660,286,206,79,145,3596,6,4129,303
10/01/1962,Single Detached,535,,,,,,,,,,
11/01/1962,All Others,556,,,,,,,,,,
11/01/1962,Total,1034,831,9970,246,111,45,218,3804,4,3460,217
11/01/1962,Single Detached,478,,,,,,,,,,
12/01/1962,Single Detached,416,,,,,,,,,,
12/01/1962,All Others,299,,,,,,,,,,
12/01/1962,Total,715,913,7373,95,79,69,84,2738,0,2515,165
01/01/1963,Total,265,603,4378,72,10,25,104,1548,1,1694,56
01/01/1963,All Others,61,,,,,,,,,,
01/01/1963,Single Detached,204,,,,,,,,,,
02/01/1963,Total,416,750,3817,197,5,26,115,890,0,1317,101
02/01/1963,All Others,100,,,,,,,,,,
02/01/1963,Single Detached,316,,,,,,,,,,
03/01/1963,Single Detached,338,,,,,,,,,,
03/01/1963,Total,572,941,5845,174,0,3,32,1809,0,2208,106
03/01/1963,All Others,234,,,,,,,,,,
04/01/1963,All Others,436,,,,,,,,,,
04/01/1963,Single Detached,419,,,,,,,,,,
04/01/1963,Total,855,778,8064,231,13,21,97,3629,0,2230,210
05/01/1963,All Others,493,,,,,,,,,,
05/01/1963,Single Detached,495,,,,,,,,,,
05/01/1963,Total,988,947,12240,870,110,66,209,5659,1,3065,325
06/01/1963,Single Detached,472,,,,,,,,,,
06/01/1963,All Others,575,,,,,,,,,,
06/01/1963,Total,1047,996,11759,372,140,52,128,5329,12,3386,297
07/01/1963,Total,602,1384,12514,500,155,72,222,5699,6,3608,266
07/01/1963,Single Detached,387,,,,,,,,,,
07/01/1963,All Others,215,,,,,,,,,,
08/01/1963,Single Detached,374,,,,,,,,,,
08/01/1963,All Others,670,,,,,,,,,,
08/01/1963,Total,1044,888,10925,292,107,50,137,5004,5,3133,265
09/01/1963,Single Detached,440,,,,,,,,,,
09/01/1963,Total,808,1009,10631,500,154,68,317,4232,11,3265,267
09/01/1963,All Others,368,,,,,,,,,,
10/01/1963,Single Detached,406,,,,,,,,,,
10/01/1963,All Others,306,,,,,,,,,,
10/01/1963,Total,712,984,10862,292,110,58,276,5172,6,2855,397
11/01/1963,Single Detached,649,,,,,,,,,,
11/01/1963,Total,896,1270,11978,710,135,63,69,4494,11,3881,449
11/01/1963,All Others,247,,,,,,,,,,
12/01/1963,Total,1349,1660,15499,574,85,59,108,5129,2,6023,510
12/01/1963,Single Detached,1160,,,,,,,,,,
12/01/1963,All Others,189,,,,,,,,,,
01/01/1964,All Others,185,,,,,,,,,,
01/01/1964,Single Detached,726,,,,,,,,,,
01/01/1964,Total,911,1058,8156,558,58,17,73,2636,8,2668,169
02/01/1964,Total,661,1143,5894,162,30,13,28,1748,1,1975,133
02/01/1964,Single Detached,431,,,,,,,,,,
02/01/1964,All Others,230,,,,,,,,,,
03/01/1964,Total,401,1142,5454,220,17,4,22,1815,0,1743,90
03/01/1964,All Others,205,,,,,,,,,,
03/01/1964,Single Detached,196,,,,,,,,,,
04/01/1964,Total,648,1253,8233,248,45,24,76,3773,2,1918,246
04/01/1964,All Others,410,,,,,,,,,,
04/01/1964,Single Detached,238,,,,,,,,,,
05/01/1964,Total,458,1463,11221,448,136,52,276,5180,3,2669,536
05/01/1964,All Others,170,,,,,,,,,,
05/01/1964,Single Detached,288,,,,,,,,,,
06/01/1964,Single Detached,396,,,,,,,,,,
06/01/1964,Total,715,1483,12474,283,305,44,176,6049,14,2872,533
06/01/1964,All Others,319,,,,,,,,,,
07/01/1964,All Others,429,,,,,,,,,,
07/01/1964,Total,762,2084,13853,455,157,38,116,6830,6,3014,391
07/01/1964,Single Detached,333,,,,,,,,,,
08/01/1964,Total,1147,1541,11707,162,136,45,108,5499,3,2798,268
08/01/1964,Single Detached,349,,,,,,,,,,
08/01/1964,All Others,798,,,,,,,,,,
09/01/1964,Total,525,1229,11376,437,264,69,604,4743,5,3154,346
09/01/1964,All Others,237,,,,,,,,,,
09/01/1964,Single Detached,288,,,,,,,,,,
10/01/1964,All Others,339,,,,,,,,,,
10/01/1964,Single Detached,572,,,,,,,,,,
10/01/1964,Total,911,1780,13457,373,437,61,164,6197,20,2928,586
11/01/1964,Total,1424,1709,19856,760,314,95,261,7980,34,6685,594
11/01/1964,All Others,270,,,,,,,,,,
11/01/1964,Single Detached,1154,,,,,,,,,,
12/01/1964,Total,625,1160,11881,373,71,53,150,5043,16,4089,301
12/01/1964,Single Detached,522,,,,,,,,,,
12/01/1964,All Others,103,,,,,,,,,,
01/01/1965,Single Detached,380,,,,,,,,,,
01/01/1965,All Others,239,,,,,,,,,,
01/01/1965,Total,619,1010,6637,307,38,45,145,2093,0,2126,254
02/01/1965,All Others,216,,,,,,,,,,
02/01/1965,Single Detached,539,,,,,,,,,,
02/01/1965,Total,709,766,5634,119,4,13,60,2066,3,1753,141
03/01/1965,Total,327,1082,6812,285,16,20,103,2482,0,2319,178
03/01/1965,All Others,139,,,,,,,,,,
03/01/1965,Single Detached,188,,,,,,,,,,
04/01/1965,Single Detached,165,,,,,,,,,,
04/01/1965,Total,1034,1125,8810,349,135,45,133,3564,5,2243,177
04/01/1965,All Others,869,,,,,,,,,,
05/01/1965,All Others,261,,,,,,,,,,
05/01/1965,Total,564,2286,13376,305,222,66,177,6359,6,3069,322
05/01/1965,Single Detached,303,,,,,,,,,,
06/01/1965,Single Detached,336,,,,,,,,,,
06/01/1965,Total,506,2039,15533,503,220,39,186,7614,8,3963,455
06/01/1965,All Others,170,,,,,,,,,,
07/01/1965,All Others,426,,,,,,,,,,
07/01/1965,Single Detached,352,,,,,,,,,,
07/01/1965,Total,778,1535,13333,266,228,72,216,6489,9,2986,754
08/01/1965,All Others,560,,,,,,,,,,
08/01/1965,Single Detached,375,,,,,,,,,,
08/01/1965,Total,935,1269,15176,222,198,58,165,8958,5,3051,315
09/01/1965,All Others,170,,,,,,,,,,
09/01/1965,Single Detached,377,,,,,,,,,,
09/01/1965,Total,547,1268,10930,346,171,27,258,4707,9,3334,263
10/01/1965,All Others,164,,,,,,,,,,
10/01/1965,Single Detached,654,,,,,,,,,,
10/01/1965,Total,818,1148,11277,533,144,51,168,4432,8,3657,318
11/01/1965,Total,1631,934,15673,523,182,100,172,5986,6,5557,582
11/01/1965,Single Detached,1162,,,,,,,,,,
11/01/1965,All Others,469,,,,,,,,,,
12/01/1965,All Others,128,,,,,,,,,,
12/01/1965,Total,766,1358,12027,412,111,91,220,4568,2,4075,424
12/01/1965,Single Detached,638,,,,,,,,,,
01/01/1966,Total,286,851,7787,232,39,41,114,3035,45,2921,223
01/01/1966,Single Detached,242,,,,,,,,,,
01/01/1966,All Others,44,,,,,,,,,,
02/01/1966,Total,477,990,5571,197,19,56,76,1810,0,1814,132
02/01/1966,All Others,45,,,,,,,,,,
02/01/1966,Single Detached,432,,,,,,,,,,
03/01/1966,All Others,153,,,,,,,,,,
03/01/1966,Single Detached,223,,,,,,,,,,
03/01/1966,Total,376,1407,6478,133,9,48,84,2105,1,2119,196
04/01/1966,Total,382,1075,6520,93,109,63,94,3066,1,1471,166
04/01/1966,All Others,201,,,,,,,,,,
04/01/1966,Single Detached,181,,,,,,,,,,
05/01/1966,All Others,314,,,,,,,,,,
05/01/1966,Total,503,956,10224,184,105,169,145,5762,0,2126,274
05/01/1966,Single Detached,189,,,,,,,,,,
06/01/1966,Total,936,891,10471,278,159,136,74,5080,5,2612,300
06/01/1966,All Others,612,,,,,,,,,,
06/01/1966,Single Detached,324,,,,,,,,,,
07/01/1966,All Others,413,,,,,,,,,,
07/01/1966,Single Detached,273,,,,,,,,,,
07/01/1966,Total,686,1412,10042,244,132,52,114,4958,4,2101,339
08/01/1966,Total,395,817,8477,645,136,41,188,3916,2,2115,222
08/01/1966,Single Detached,201,,,,,,,,,,
08/01/1966,All Others,194,,,,,,,,,,
09/01/1966,Single Detached,457,,,,,,,,,,
09/01/1966,All Others,326,,,,,,,,,,
09/01/1966,Total,783,1147,10134,216,120,75,127,3765,8,3549,344
10/01/1966,All Others,183,,,,,,,,,,
10/01/1966,Single Detached,731,,,,,,,,,,
10/01/1966,Total,914,1354,11310,293,118,102,220,4575,1,3372,361
11/01/1966,Total,942,1156,12316,573,109,303,137,4613,6,4110,367
11/01/1966,Single Detached,834,,,,,,,,,,
11/01/1966,All Others,66,,,,,,,,,,
12/01/1966,Single Detached,430,,,,,,,,,,
12/01/1966,All Others,243,,,,,,,,,,
12/01/1966,Total,673,795,8999,151,61,28,100,3029,1,3887,274
01/01/1967,Single Detached,199,,,,,,,,,,
01/01/1967,All Others,97,,,,,,,,,,
01/01/1967,Total,296,610,5482,77,34,16,93,2126,2,2100,128
02/01/1967,Total,179,850,3671,174,12,13,39,1402,0,935,67
02/01/1967,All Others,22,,,,,,,,,,
02/01/1967,Single Detached,157,,,,,,,,,,
03/01/1967,Single Detached,205,,,,,,,,,,
03/01/1967,Total,368,1057,5372,133,3,20,84,2271,0,1390,46
03/01/1967,All Others,163,,,,,,,,,,
04/01/1967,All Others,346,,,,,,,,,,
04/01/1967,Single Detached,306,,,,,,,,,,
04/01/1967,Total,652,1155,8220,156,61,201,54,4075,0,1718,148
05/01/1967,All Others,676,,,,,,,,,,
05/01/1967,Single Detached,704,,,,,,,,,,
05/01/1967,Total,1380,1682,16096,714,145,153,135,8213,3,3155,516
06/01/1967,All Others,641,,,,,,,,,,
06/01/1967,Total,1274,2105,17429,450,178,104,115,8054,2,4611,536
06/01/1967,Single Detached,633,,,,,,,,,,
07/01/1967,All Others,809,,,,,,,,,,
07/01/1967,Total,1320,1915,14965,339,114,150,284,6326,9,4028,480
07/01/1967,Single Detached,511,,,,,,,,,,
08/01/1967,Single Detached,442,,,,,,,,,,
08/01/1967,Total,1035,1800,13343,533,107,135,147,6128,4,2840,614
08/01/1967,All Others,593,,,,,,,,,,
09/01/1967,All Others,747,,,,,,,,,,
09/01/1967,Single Detached,351,,,,,,,,,,
09/01/1967,Total,1098,1905,13479,160,119,134,174,6622,7,2842,418
10/01/1967,All Others,682,,,,,,,,,,
10/01/1967,Total,1042,1891,13150,210,88,66,161,6209,5,2935,543
10/01/1967,Single Detached,360,,,,,,,,,,
11/01/1967,Single Detached,317,,,,,,,,,,
11/01/1967,Total,1024,1082,11890,339,136,82,77,4790,8,3868,484
11/01/1967,All Others,707,,,,,,,,,,
12/01/1967,Total,783,936,8761,283,85,265,115,3545,4,2644,101
12/01/1967,All Others,521,,,,,,,,,,
12/01/1967,Single Detached,262,,,,,,,,,,
01/01/1968,Single Detached,232,,,,,,,,,,
01/01/1968,Total,431,1108,7691,346,40,185,66,3491,2,1906,116
01/01/1968,All Others,199,,,,,,,,,,
02/01/1968,All Others,124,,,,,,,,,,
02/01/1968,Single Detached,334,,,,,,,,,,
02/01/1968,Total,458,1543,6591,303,29,32,41,1834,1,2253,97
03/01/1968,Single Detached,410,,,,,,,,,,
03/01/1968,Total,977,1422,8737,304,44,148,64,3384,0,2224,170
03/01/1968,All Others,567,,,,,,,,,,
04/01/1968,Single Detached,539,,,,,,,,,,
04/01/1968,All Others,562,,,,,,,,,,
04/01/1968,Total,1101,2066,11883,275,87,118,116,5211,0,2579,330
05/01/1968,Single Detached,694,,,,,,,,,,
05/01/1968,Total,1512,1631,16790,509,147,98,201,8578,20,3265,829
05/01/1968,All Others,818,,,,,,,,,,
06/01/1968,Total,2380,2135,18190,329,167,80,228,8102,5,4261,503
06/01/1968,All Others,1857,,,,,,,,,,
06/01/1968,Single Detached,523,,,,,,,,,,
07/01/1968,Single Detached,435,,,,,,,,,,
07/01/1968,Total,1443,1516,15317,690,177,106,193,7288,10,3461,433
07/01/1968,All Others,1008,,,,,,,,,,
08/01/1968,All Others,1427,,,,,,,,,,
08/01/1968,Single Detached,326,,,,,,,,,,
08/01/1968,Total,1753,1499,14471,415,257,74,232,6586,23,3187,445
09/01/1968,Total,1006,1393,11602,471,188,39,178,4581,2,3387,357
09/01/1968,Single Detached,301,,,,,,,,,,
09/01/1968,All Others,705,,,,,,,,,,
10/01/1968,Single Detached,489,,,,,,,,,,
10/01/1968,Total,2651,1508,16843,261,192,94,163,7162,4,4401,407
10/01/1968,All Others,2162,,,,,,,,,,
11/01/1968,Single Detached,771,,,,,,,,,,
11/01/1968,Total,1932,2588,19057,655,374,98,298,6990,8,5519,595
11/01/1968,All Others,1161,,,,,,,,,,
12/01/1968,All Others,1120,,,,,,,,,,
12/01/1968,Total,1673,1034,15095,597,119,113,187,6118,6,4924,324
12/01/1968,Single Detached,553,,,,,,,,,,
01/01/1969,Single Detached,527,,,,,,,,,,
01/01/1969,Total,1597,1264,11304,591,65,74,232,4183,3,2865,430
01/01/1969,All Others,1070,,,,,,,,,,
02/01/1969,Single Detached,408,,,,,,,,,,
02/01/1969,All Others,816,,,,,,,,,,
02/01/1969,Total,1224,1814,10974,393,25,175,171,4635,0,2477,60
03/01/1969,Total,1187,2058,11679,829,39,100,228,4769,0,2310,159
03/01/1969,All Others,516,,,,,,,,,,
03/01/1969,Single Detached,671,,,,,,,,,,
04/01/1969,All Others,1847,,,,,,,,,,
04/01/1969,Single Detached,627,,,,,,,,,,
04/01/1969,Total,2474,2681,15542,978,347,48,647,5443,29,2670,225
05/01/1969,All Others,978,,,,,,,,,,
05/01/1969,Single Detached,527,,,,,,,,,,
05/01/1969,Total,1505,2724,16814,1713,209,42,309,6399,17,3319,577
06/01/1969,Single Detached,673,,,,,,,,,,
06/01/1969,Total,2680,2240,18787,559,234,63,300,8117,7,3802,785
06/01/1969,All Others,2007,,,,,,,,,,
07/01/1969,Single Detached,432,,,,,,,,,,
07/01/1969,Total,1682,2148,15057,848,166,60,619,6729,35,2428,342
07/01/1969,All Others,1250,,,,,,,,,,
08/01/1969,Total,1764,2328,16227,982,126,33,670,6773,6,2986,559
08/01/1969,All Others,1348,,,,,,,,,,
08/01/1969,Single Detached,416,,,,,,,,,,
09/01/1969,All Others,1148,,,,,,,,,,
09/01/1969,Total,1502,1836,13944,822,148,60,202,6238,20,2955,161
09/01/1969,Single Detached,354,,,,,,,,,,
10/01/1969,Total,1610,1246,15239,761,184,64,260,7222,5,3685,202
10/01/1969,All Others,1276,,,,,,,,,,
10/01/1969,Single Detached,334,,,,,,,,,,
11/01/1969,All Others,1336,,,,,,,,,,
11/01/1969,Single Detached,452,,,,,,,,,,
11/01/1969,Total,1788,1104,12555,569,128,55,172,4613,13,3767,346
12/01/1969,All Others,1030,,,,,,,,,,
12/01/1969,Total,1508,1493,11617,215,167,47,208,4244,5,3540,190
12/01/1969,Single Detached,478,,,,,,,,,,
01/01/1970,All Others,494,,,,,,,,,,
01/01/1970,Single Detached,243,,,,,,,,,,
01/01/1970,Total,737,1505,6849,507,35,24,168,1898,8,1949,18
02/01/1970,Total,902,1177,5153,311,16,26,176,1006,2,1522,15
02/01/1970,Single Detached,287,,,,,,,,,,
02/01/1970,All Others,615,,,,,,,,,,
03/01/1970,Total,740,1591,7345,515,72,15,81,2742,0,1564,25
03/01/1970,All Others,462,,,,,,,,,,
03/01/1970,Single Detached,278,,,,,,,,,,
04/01/1970,All Others,438,,,,,,,,,,
04/01/1970,Single Detached,426,,,,,,,,,,
04/01/1970,Total,864,1207,9925,266,84,88,433,4225,1,2731,26
05/01/1970,Single Detached,501,,,,,,,,,,
05/01/1970,Total,861,792,8414,512,95,58,122,4271,4,1675,24
05/01/1970,All Others,360,,,,,,,,,,
06/01/1970,Total,1306,627,11585,975,93,76,520,5472,15,2474,27
06/01/1970,Single Detached,475,,,,,,,,,,
06/01/1970,All Others,831,,,,,,,,,,
07/01/1970,Total,949,1164,13873,747,172,30,144,7102,59,3462,44
07/01/1970,All Others,512,,,,,,,,,,
07/01/1970,Single Detached,437,,,,,,,,,,
08/01/1970,Total,1057,1440,13765,427,169,41,169,7573,17,2794,78
08/01/1970,All Others,629,,,,,,,,,,
08/01/1970,Single Detached,428,,,,,,,,,,
09/01/1970,All Others,424,,,,,,,,,,
09/01/1970,Single Detached,476,,,,,,,,,,
09/01/1970,Total,900,1755,14627,242,120,42,169,6635,7,4593,164
10/01/1970,Total,1901,2022,23161,1105,161,126,188,11073,6,6366,213
10/01/1970,Single Detached,578,,,,,,,,,,
10/01/1970,All Others,1323,,,,,,,,,,
11/01/1970,Total,1982,1699,19787,461,175,74,622,8461,27,6135,151
11/01/1970,Single Detached,591,,,,,,,,,,
11/01/1970,All Others,1391,,,,,,,,,,
12/01/1970,Single Detached,450,,,,,,,,,,
12/01/1970,All Others,1444,,,,,,,,,,
12/01/1970,Total,1894,2263,16515,817,249,207,65,6039,75,4776,130
01/01/1971,Total,843,1264,7847,399,264,43,73,3189,2,1735,35
01/01/1971,Single Detached,219,,,,,,,,,,
01/01/1971,All Others,624,,,,,,,,,,
02/01/1971,All Others,1007,,,,,,,,,,
02/01/1971,Single Detached,398,,,,,,,,,,
02/01/1971,Total,1405,1391,6895,437,37,111,157,1543,1,1783,30
03/01/1971,Total,1197,1729,9204,471,51,165,93,2536,0,2901,61
03/01/1971,Single Detached,446,,,,,,,,,,
03/01/1971,All Others,751,,,,,,,,,,
04/01/1971,All Others,1811,,,,,,,,,,
04/01/1971,Single Detached,560,,,,,,,,,,
04/01/1971,Total,2371,1693,16597,757,183,246,160,7367,4,3749,67
05/01/1971,Single Detached,756,,,,,,,,,,
05/01/1971,All Others,1306,,,,,,,,,,
05/01/1971,Total,2062,1276,15180,365,235,104,229,7809,7,2949,144
06/01/1971,Total,1978,1790,18248,1044,382,72,393,7946,24,4445,174
06/01/1971,All Others,1158,,,,,,,,,,
06/01/1971,Single Detached,820,,,,,,,,,,
07/01/1971,Total,2077,2349,17731,831,397,111,285,7558,6,3876,241
07/01/1971,All Others,1338,,,,,,,,,,
07/01/1971,Single Detached,739,,,,,,,,,,
08/01/1971,Total,2178,1518,17655,857,186,100,249,9671,6,2483,407
08/01/1971,Single Detached,641,,,,,,,,,,
08/01/1971,All Others,1537,,,,,,,,,,
09/01/1971,Total,2671,2200,18321,901,296,98,475,7536,12,3917,215
09/01/1971,All Others,2097,,,,,,,,,,
09/01/1971,Single Detached,574,,,,,,,,,,
10/01/1971,Total,1884,1856,19331,870,271,109,412,8113,10,5306,500
10/01/1971,All Others,1282,,,,,,,,,,
10/01/1971,Single Detached,602,,,,,,,,,,
11/01/1971,All Others,877,,,,,,,,,,
11/01/1971,Total,1707,1768,18932,666,254,58,200,8893,22,5058,306
11/01/1971,Single Detached,830,,,,,,,,,,
12/01/1971,Single Detached,776,,,,,,,,,,
12/01/1971,All Others,557,,,,,,,,,,
12/01/1971,Total,1333,1914,15007,621,133,178,434,6315,21,3914,144
01/01/1972,All Others,244,,,,,,,,,,
01/01/1972,Total,665,836,9423,791,95,120,184,4023,6,2485,218
01/01/1972,Single Detached,421,,,,,,,,,,
02/01/1972,Single Detached,612,,,,,,,,,,
02/01/1972,All Others,648,,,,,,,,,,
02/01/1972,Total,1260,1957,10735,945,67,99,371,3140,4,2781,111
03/01/1972,Single Detached,709,,,,,,,,,,
03/01/1972,All Others,735,,,,,,,,,,
03/01/1972,Total,1444,2147,13565,1781,36,51,136,4669,0,3187,114
04/01/1972,All Others,749,,,,,,,,,,
04/01/1972,Single Detached,953,,,,,,,,,,
04/01/1972,Total,1702,2604,15493,644,212,256,96,6341,5,3428,205
05/01/1972,All Others,1516,,,,,,,,,,
05/01/1972,Total,2507,1883,20746,849,401,219,284,10494,41,3854,214
05/01/1972,Single Detached,991,,,,,,,,,,
06/01/1972,All Others,1578,,,,,,,,,,
06/01/1972,Single Detached,983,,,,,,,,,,
06/01/1972,Total,2561,2494,21862,726,585,149,594,10721,47,3703,282
07/01/1972,Total,1484,2547,19564,779,414,254,218,9771,24,3712,361
07/01/1972,Single Detached,894,,,,,,,,,,
07/01/1972,All Others,590,,,,,,,,,,
08/01/1972,Total,1730,3009,19082,661,449,184,269,8987,35,3193,565
08/01/1972,Single Detached,832,,,,,,,,,,
08/01/1972,All Others,898,,,,,,,,,,
09/01/1972,All Others,778,,,,,,,,,,
09/01/1972,Single Detached,735,,,,,,,,,,
09/01/1972,Total,1513,2563,20905,546,586,143,285,10223,121,4640,285
10/01/1972,All Others,509,,,,,,,,,,
10/01/1972,Single Detached,707,,,,,,,,,,
10/01/1972,Total,1216,2541,22592,751,553,140,314,10046,31,6750,250
11/01/1972,Total,1360,2546,18976,1098,333,75,453,7436,32,5357,286
11/01/1972,All Others,488,,,,,,,,,,
11/01/1972,Single Detached,872,,,,,,,,,,
12/01/1972,All Others,266,,,,,,,,,,
12/01/1972,Total,921,2705,14011,337,188,58,239,5263,27,4019,254
12/01/1972,Single Detached,655,,,,,,,,,,
01/01/1973,Total,1071,1147,11187,225,119,84,306,5186,16,2893,140
01/01/1973,All Others,384,,,,,,,,,,
01/01/1973,Single Detached,687,,,,,,,,,,
02/01/1973,All Others,263,,,,,,,,,,
02/01/1973,Total,793,1322,8880,191,68,25,637,3676,0,1877,291
02/01/1973,Single Detached,530,,,,,,,,,,
03/01/1973,Total,1339,1536,13300,621,59,55,184,5903,9,3324,270
03/01/1973,All Others,499,,,,,,,,,,
03/01/1973,Single Detached,840,,,,,,,,,,
04/01/1973,Single Detached,1078,,,,,,,,,,
04/01/1973,All Others,527,,,,,,,,,,
04/01/1973,Total,1605,2843,18456,971,165,258,878,7519,7,3876,334
05/01/1973,All Others,481,,,,,,,,,,
05/01/1973,Single Detached,1101,,,,,,,,,,
05/01/1973,Total,1582,3090,19453,566,420,210,419,8418,49,4161,538
06/01/1973,Total,1849,2568,20946,1333,486,208,619,9337,37,4250,259
06/01/1973,Single Detached,1135,,,,,,,,,,
06/01/1973,All Others,714,,,,,,,,,,
07/01/1973,Single Detached,811,,,,,,,,,,
07/01/1973,All Others,691,,,,,,,,,,
07/01/1973,Total,1502,2892,22417,1366,534,219,119,11666,26,3606,487
08/01/1973,Single Detached,826,,,,,,,,,,
08/01/1973,Total,1598,3200,19622,398,705,266,724,8333,62,3993,343
08/01/1973,All Others,772,,,,,,,,,,
09/01/1973,All Others,629,,,,,,,,,,
09/01/1973,Total,1418,2291,19879,1096,465,428,492,9112,20,4188,369
09/01/1973,Single Detached,789,,,,,,,,,,
10/01/1973,All Others,528,,,,,,,,,,
10/01/1973,Total,1586,1814,22069,759,365,181,430,8851,7,7696,380
10/01/1973,Single Detached,1058,,,,,,,,,,
11/01/1973,All Others,515,,,,,,,,,,
11/01/1973,Single Detached,973,,,,,,,,,,
11/01/1973,Total,1488,2079,18079,572,408,172,323,7727,36,4892,382
12/01/1973,Total,1206,3908,17255,340,159,84,394,6483,26,4413,242
12/01/1973,All Others,326,,,,,,,,,,
12/01/1973,Single Detached,880,,,,,,,,,,
01/01/1974,Single Detached,755,,,,,,,,,,
01/01/1974,All Others,419,,,,,,,,,,
01/01/1974,Total,1174,1295,13506,701,114,59,489,6212,17,3122,323
02/01/1974,Single Detached,750,,,,,,,,,,
02/01/1974,All Others,294,,,,,,,,,,
02/01/1974,Total,1044,1585,9029,347,18,125,162,3495,0,2022,231
03/01/1974,Single Detached,1034,,,,,,,,,,
03/01/1974,Total,1213,2348,13291,552,54,65,122,5844,1,2868,224
03/01/1974,All Others,179,,,,,,,,,,
04/01/1974,All Others,400,,,,,,,,,,
04/01/1974,Total,1648,2643,15782,534,91,151,238,7226,97,2990,164
04/01/1974,Single Detached,1248,,,,,,,,,,
05/01/1974,Total,1365,3313,19880,637,352,347,287,7462,32,5772,313
05/01/1974,All Others,317,,,,,,,,,,
05/01/1974,Single Detached,1048,,,,,,,,,,
06/01/1974,Total,1904,2353,19528,1021,356,319,389,9568,28,3111,479
06/01/1974,All Others,581,,,,,,,,,,
06/01/1974,Single Detached,1323,,,,,,,,,,
07/01/1974,All Others,239,,,,,,,,,,
07/01/1974,Total,1165,2173,16095,590,540,262,660,6473,21,3638,573
07/01/1974,Single Detached,926,,,,,,,,,,
08/01/1974,Single Detached,561,,,,,,,,,,
08/01/1974,Total,674,1446,14857,632,664,336,300,6731,11,3659,404
08/01/1974,All Others,113,,,,,,,,,,
09/01/1974,All Others,502,,,,,,,,,,
09/01/1974,Total,1046,2100,13628,299,225,137,346,5245,12,3704,514
09/01/1974,Single Detached,544,,,,,,,,,,
10/01/1974,Total,850,2093,12994,256,178,176,618,5235,7,2992,589
10/01/1974,Single Detached,628,,,,,,,,,,
10/01/1974,All Others,222,,,,,,,,,,
11/01/1974,Single Detached,733,,,,,,,,,,
11/01/1974,Total,1314,935,11489,391,458,153,314,4188,14,3211,511
11/01/1974,All Others,581,,,,,,,,,,
12/01/1974,Single Detached,512,,,,,,,,,,
12/01/1974,All Others,292,,,,,,,,,,
12/01/1974,Total,804,1331,9358,168,143,122,356,3840,4,2285,305
01/01/1975,All Others,182,,,,,,,,,,
01/01/1975,Single Detached,505,,,,,,,,,,
01/01/1975,Total,687,1352,7133,249,53,134,154,2653,17,1652,182
02/01/1975,Single Detached,354,,,,,,,,,,
02/01/1975,Total,671,930,4973,118,17,28,87,1656,0,1369,97
02/01/1975,All Others,317,,,,,,,,,,
03/01/1975,Total,813,1168,6261,78,64,73,230,2260,0,1453,122
03/01/1975,Single Detached,571,,,,,,,,,,
03/01/1975,All Others,242,,,,,,,,,,
04/01/1975,All Others,275,,,,,,,,,,
04/01/1975,Single Detached,810,,,,,,,,,,
04/01/1975,Total,1085,1955,11929,303,217,90,375,4900,20,2703,281
05/01/1975,Total,1304,1695,17187,661,385,293,226,7354,11,4733,525
05/01/1975,All Others,253,,,,,,,,,,
05/01/1975,Single Detached,1051,,,,,,,,,,
06/01/1975,All Others,444,,,,,,,,,,
06/01/1975,Total,1688,2441,17311,518,626,386,384,6589,34,4090,555
06/01/1975,Single Detached,1244,,,,,,,,,,
07/01/1975,Total,1599,3398,18784,431,521,361,755,6774,23,3784,1138
07/01/1975,All Others,570,,,,,,,,,,
07/01/1975,Single Detached,1029,,,,,,,,,,
08/01/1975,Single Detached,1006,,,,,,,,,,
08/01/1975,All Others,652,,,,,,,,,,
08/01/1975,Total,1658,2453,17530,747,499,408,228,5873,32,4764,868
09/01/1975,All Others,1157,,,,,,,,,,
09/01/1975,Total,2435,2781,18864,557,400,246,481,6488,109,4429,938
09/01/1975,Single Detached,1278,,,,,,,,,,
10/01/1975,All Others,1068,,,,,,,,,,
10/01/1975,Single Detached,1185,,,,,,,,,,
10/01/1975,Total,2253,2631,23181,1069,716,209,332,9139,40,5667,1125
11/01/1975,Single Detached,1422,,,,,,,,,,
11/01/1975,Total,2638,2498,18935,578,357,235,390,7489,15,3668,1067
11/01/1975,All Others,1216,,,,,,,,,,
12/01/1975,Total,2762,3267,19758,604,390,382,709,6469,6,4829,340
12/01/1975,Single Detached,1088,,,,,,,,,,
12/01/1975,All Others,1674,,,,,,,,,,
01/01/1976,Total,1376,1780,12450,354,158,47,382,3931,4,4056,362
01/01/1976,All Others,551,,,,,,,,,,
01/01/1976,Single Detached,825,,,,,,,,,,
02/01/1976,Total,2516,1747,11615,596,22,57,641,3313,3,2222,498
02/01/1976,All Others,1640,,,,,,,,,,
02/01/1976,Single Detached,876,,,,,,,,,,
03/01/1976,Total,1755,1860,12734,508,195,12,138,5010,2,2840,414
03/01/1976,Single Detached,1173,,,,,,,,,,
03/01/1976,All Others,582,,,,,,,,,,
04/01/1976,Single Detached,1077,,,,,,,,,,
04/01/1976,All Others,1839,,,,,,,,,,
04/01/1976,Total,2916,2260,16213,630,366,107,286,5817,8,3455,368
05/01/1976,All Others,1178,,,,,,,,,,
05/01/1976,Single Detached,1121,,,,,,,,,,
05/01/1976,Total,2299,3145,22799,559,651,118,294,7587,41,7456,649
06/01/1976,Total,2102,3243,23301,863,552,206,769,8128,22,6729,687
06/01/1976,Single Detached,1004,,,,,,,,,,
06/01/1976,All Others,1098,,,,,,,,,,
07/01/1976,Total,2894,2552,20630,950,498,425,341,6116,24,5624,1206
07/01/1976,All Others,1812,,,,,,,,,,
07/01/1976,Single Detached,1082,,,,,,,,,,
08/01/1976,Single Detached,942,,,,,,,,,,
08/01/1976,All Others,1572,,,,,,,,,,
08/01/1976,Total,2514,1954,16288,285,417,185,292,6468,13,3385,775
09/01/1976,Single Detached,978,,,,,,,,,,
09/01/1976,All Others,1425,,,,,,,,,,
09/01/1976,Total,2403,2805,18849,900,372,336,918,5648,22,4773,672
10/01/1976,All Others,1631,,,,,,,,,,
10/01/1976,Total,2518,2869,16471,488,287,390,254,6107,12,2584,962
10/01/1976,Single Detached,887,,,,,,,,,,
11/01/1976,Total,2813,2524,20754,828,244,94,225,6683,4,5758,1581
11/01/1976,All Others,2102,,,,,,,,,,
11/01/1976,Single Detached,711,,,,,,,,,,
12/01/1976,Total,2007,2836,17658,515,168,59,204,6493,17,4609,750
12/01/1976,All Others,1296,,,,,,,,,,
12/01/1976,Single Detached,711,,,,,,,,,,
01/01/1977,All Others,382,,,,,,,,,,
01/01/1977,Single Detached,512,,,,,,,,,,
01/01/1977,Total,894,2493,11516,476,33,45,196,3182,6,3733,458
02/01/1977,All Others,983,,,,,,,,,,
02/01/1977,Single Detached,332,,,,,,,,,,
02/01/1977,Total,1315,1639,9086,223,32,31,200,2463,2,2896,285
03/01/1977,Single Detached,563,,,,,,,,,,
03/01/1977,All Others,699,,,,,,,,,,
03/01/1977,Total,1262,1223,9640,1052,40,74,97,2761,1,2544,586
04/01/1977,Single Detached,778,,,,,,,,,,
04/01/1977,All Others,1882,,,,,,,,,,
04/01/1977,Total,2660,2288,14994,420,165,33,371,4760,2,3366,929
05/01/1977,Total,2945,2759,20606,529,214,82,329,6705,22,6211,810
05/01/1977,Single Detached,948,,,,,,,,,,
05/01/1977,All Others,1997,,,,,,,,,,
06/01/1977,All Others,1396,,,,,,,,,,
06/01/1977,Single Detached,1127,,,,,,,,,,
06/01/1977,Total,2523,2602,21377,638,312,83,275,9028,31,5307,578
07/01/1977,All Others,1726,,,,,,,,,,
07/01/1977,Single Detached,971,,,,,,,,,,
07/01/1977,Total,2697,2099,20010,1041,334,364,238,7747,49,5042,399
08/01/1977,All Others,2475,,,,,,,,,,
08/01/1977,Single Detached,1022,,,,,,,,,,
08/01/1977,Total,3497,1964,18641,644,221,104,833,7207,21,3410,740
09/01/1977,Total,3263,2556,18702,678,324,101,503,6263,40,4151,823
09/01/1977,Single Detached,781,,,,,,,,,,
09/01/1977,All Others,2482,,,,,,,,,,
10/01/1977,Single Detached,991,,,,,,,,,,
10/01/1977,All Others,1237,,,,,,,,,,
10/01/1977,Total,2228,2060,17122,341,211,94,590,6974,14,3556,1054
11/01/1977,Single Detached,1069,,,,,,,,,,
11/01/1977,Total,3377,2614,18022,562,130,210,383,5826,9,3959,952
11/01/1977,All Others,2308,,,,,,,,,,
12/01/1977,All Others,2659,,,,,,,,,,
12/01/1977,Total,3348,2005,20485,779,163,212,1345,7315,135,3471,1712
12/01/1977,Single Detached,689,,,,,,,,,,
01/01/1978,Total,3265,2031,14958,1557,47,57,251,3881,9,2807,1053
01/01/1978,Single Detached,729,,,,,,,,,,
01/01/1978,All Others,2536,,,,,,,,,,
02/01/1978,Single Detached,865,,,,,,,,,,
02/01/1978,Total,3333,1919,11761,930,50,30,205,2674,0,2372,248
02/01/1978,All Others,2468,,,,,,,,,,
03/01/1978,All Others,2447,,,,,,,,,,
03/01/1978,Single Detached,922,,,,,,,,,,
03/01/1978,Total,3369,1918,13781,1127,54,19,204,3535,0,3069,486
04/01/1978,All Others,1041,,,,,,,,,,
04/01/1978,Single Detached,1133,,,,,,,,,,
04/01/1978,Total,2174,1551,12617,993,92,18,143,4166,3,3072,405
05/01/1978,Single Detached,1413,,,,,,,,,,
05/01/1978,Total,2473,1848,16441,830,166,111,425,5016,18,4772,782
05/01/1978,All Others,1060,,,,,,,,,,
06/01/1978,All Others,1937,,,,,,,,,,
06/01/1978,Total,3089,1477,16214,1031,229,135,274,5794,20,3714,451
06/01/1978,Single Detached,1152,,,,,,,,,,
07/01/1978,Single Detached,1585,,,,,,,,,,
07/01/1978,Total,3631,1352,16388,570,252,111,256,6309,17,3341,549
07/01/1978,All Others,2046,,,,,,,,,,
08/01/1978,Single Detached,1295,,,,,,,,,,
08/01/1978,Total,2959,1750,16480,1003,222,111,388,7283,16,2388,360
08/01/1978,All Others,1664,,,,,,,,,,
09/01/1978,Total,3332,1379,14481,335,223,231,225,5987,18,2428,323
09/01/1978,All Others,2257,,,,,,,,,,
09/01/1978,Single Detached,1075,,,,,,,,,,
10/01/1978,All Others,1796,,,,,,,,,,
10/01/1978,Total,3057,1274,15373,644,290,117,221,6101,29,2973,667
10/01/1978,Single Detached,1261,,,,,,,,,,
11/01/1978,All Others,3209,,,,,,,,,,
11/01/1978,Single Detached,1294,,,,,,,,,,
11/01/1978,Total,4503,1420,18150,578,215,69,418,7010,31,3329,577
12/01/1978,All Others,1667,,,,,,,,,,
12/01/1978,Total,2345,1657,12034,636,247,26,160,4169,7,2361,426
12/01/1978,Single Detached,678,,,,,,,,,,
01/01/1979,Single Detached,903,,,,,,,,,,
01/01/1979,All Others,2446,,,,,,,,,,
01/01/1979,Total,3349,1957,11533,792,74,9,112,2516,26,2252,446
02/01/1979,Single Detached,668,,,,,,,,,,
02/01/1979,All Others,1394,,,,,,,,,,
02/01/1979,Total,2062,876,6503,163,22,9,99,1362,19,1421,470
03/01/1979,Total,2417,1097,8134,190,33,36,300,1849,98,1182,932
03/01/1979,All Others,1593,,,,,,,,,,
03/01/1979,Single Detached,824,,,,,,,,,,
04/01/1979,All Others,1075,,,,,,,,,,
04/01/1979,Total,2157,1425,11057,623,48,36,144,3100,1,3342,181
04/01/1979,Single Detached,1082,,,,,,,,,,
05/01/1979,Single Detached,1207,,,,,,,,,,
05/01/1979,Total,2741,1963,15737,364,150,165,308,4795,7,4271,973
05/01/1979,All Others,1534,,,,,,,,,,
06/01/1979,Total,2621,1560,14352,267,218,115,250,4210,13,4160,938
06/01/1979,Single Detached,1442,,,,,,,,,,
06/01/1979,All Others,1179,,,,,,,,,,
07/01/1979,Total,2332,1676,12884,806,212,119,314,4344,27,2643,411
07/01/1979,Single Detached,1263,,,,,,,,,,
07/01/1979,All Others,1069,,,,,,,,,,
08/01/1979,Total,2697,2477,14909,237,123,131,266,5630,36,2853,459
08/01/1979,All Others,1422,,,,,,,,,,
08/01/1979,Single Detached,1275,,,,,,,,,,
09/01/1979,All Others,701,,,,,,,,,,
09/01/1979,Total,1949,1920,12742,491,207,111,215,4345,12,2585,907
09/01/1979,Single Detached,1248,,,,,,,,,,
10/01/1979,All Others,1602,,,,,,,,,,
10/01/1979,Single Detached,1227,,,,,,,,,,
10/01/1979,Total,2829,2081,15414,238,233,32,239,5431,48,3401,882
11/01/1979,Single Detached,1235,,,,,,,,,,
11/01/1979,All Others,1534,,,,,,,,,,
11/01/1979,Total,2769,2301,15264,136,86,172,242,4931,3,3292,1332
12/01/1979,All Others,1459,,,,,,,,,,
12/01/1979,Single Detached,778,,,,,,,,,,
12/01/1979,Total,2237,1933,13188,87,68,129,301,5246,11,2625,551
01/01/1980,All Others,973,,,,,,,,,,
01/01/1980,Total,1536,2993,10489,136,23,73,68,3943,0,1540,177
01/01/1980,Single Detached,563,,,,,,,,,,
02/01/1980,Total,1436,2140,6445,33,15,56,126,1485,72,844,238
02/01/1980,All Others,858,,,,,,,,,,
02/01/1980,Single Detached,578,,,,,,,,,,
03/01/1980,All Others,693,,,,,,,,,,
03/01/1980,Single Detached,717,,,,,,,,,,
03/01/1980,Total,1410,2001,6153,9,21,43,188,1400,0,975,106
04/01/1980,All Others,1019,,,,,,,,,,
04/01/1980,Single Detached,893,,,,,,,,,,
04/01/1980,Total,1912,2440,9475,189,10,115,37,2470,0,1844,458
05/01/1980,Single Detached,891,,,,,,,,,,
05/01/1980,Total,1904,2144,9777,336,37,253,142,2532,1,1972,456
05/01/1980,All Others,1013,,,,,,,,,,
06/01/1980,Single Detached,888,,,,,,,,,,
06/01/1980,Total,1970,2514,11406,85,107,168,139,3627,0,2613,183
06/01/1980,All Others,1082,,,,,,,,,,
07/01/1980,All Others,1457,,,,,,,,,,
07/01/1980,Total,2788,2068,11117,149,112,421,141,3385,3,1736,314
07/01/1980,Single Detached,1331,,,,,,,,,,
08/01/1980,Total,2399,3141,10964,139,128,156,209,2243,0,1941,608
08/01/1980,Single Detached,1138,,,,,,,,,,
08/01/1980,All Others,1261,,,,,,,,,,
09/01/1980,Single Detached,1269,,,,,,,,,,
09/01/1980,All Others,1684,,,,,,,,,,
09/01/1980,Total,2953,2194,11852,182,112,147,160,3259,9,2514,322
10/01/1980,Total,2359,3511,14224,148,103,106,175,5155,4,2238,425
10/01/1980,All Others,1049,,,,,,,,,,
10/01/1980,Single Detached,1310,,,,,,,,,,
11/01/1980,All Others,1218,,,,,,,,,,
11/01/1980,Single Detached,1594,,,,,,,,,,
11/01/1980,Total,2812,2942,12809,260,47,175,429,3230,3,2497,414
12/01/1980,Single Detached,864,,,,,,,,,,
12/01/1980,Total,2251,2249,10302,57,61,62,248,2703,4,2350,317
12/01/1980,All Others,1387,,,,,,,,,,
01/01/1981,Total,2193,2428,8194,70,62,34,98,1854,0,1094,361
01/01/1981,Single Detached,993,,,,,,,,,,
01/01/1981,All Others,1200,,,,,,,,,,
02/01/1981,All Others,560,,,,,,,,,,
02/01/1981,Total,1454,2464,6603,193,53,40,148,1071,1,1005,174
02/01/1981,Single Detached,894,,,,,,,,,,
03/01/1981,Single Detached,1061,,,,,,,,,,
03/01/1981,All Others,706,,,,,,,,,,
03/01/1981,Total,1767,2335,7741,117,29,45,58,1856,2,1215,317
04/01/1981,All Others,1356,,,,,,,,,,
04/01/1981,Total,3017,2152,14854,315,49,146,139,5404,3,3016,613
04/01/1981,Single Detached,1661,,,,,,,,,,
05/01/1981,Total,3873,2861,16985,375,118,174,173,5010,5,3865,531
05/01/1981,All Others,1970,,,,,,,,,,
05/01/1981,Single Detached,1903,,,,,,,,,,
06/01/1981,All Others,1823,,,,,,,,,,
06/01/1981,Single Detached,1488,,,,,,,,,,
06/01/1981,Total,3311,3581,16470,325,49,89,225,5639,4,2719,528
07/01/1981,All Others,1367,,,,,,,,,,
07/01/1981,Single Detached,1509,,,,,,,,,,
07/01/1981,Total,2876,2265,13161,312,40,191,302,4859,0,2117,199
08/01/1981,Total,2672,3545,13256,128,18,380,181,4463,1,1571,297
08/01/1981,All Others,1638,,,,,,,,,,
08/01/1981,Single Detached,1034,,,,,,,,,,
09/01/1981,Single Detached,1409,,,,,,,,,,
09/01/1981,All Others,1964,,,,,,,,,,
09/01/1981,Total,3373,2762,13272,123,74,105,177,4496,1,1995,166
10/01/1981,Total,2290,1742,8271,74,36,38,259,2177,1,1346,308
10/01/1981,Single Detached,827,,,,,,,,,,
10/01/1981,All Others,1463,,,,,,,,,,
11/01/1981,All Others,1936,,,,,,,,,,
11/01/1981,Total,2736,1837,9535,153,30,163,160,2508,1,1445,502
11/01/1981,Single Detached,800,,,,,,,,,,
12/01/1981,All Others,3198,,,,,,,,,,
12/01/1981,Single Detached,412,,,,,,,,,,
12/01/1981,Total,3610,2020,14099,6,28,99,130,6062,0,1733,411
01/01/1982,Total,2203,2440,10399,41,14,124,186,3198,2,1131,1060
01/01/1982,All Others,1754,,,,,,,,,,
01/01/1982,Single Detached,449,,,,,,,,,,
02/01/1982,All Others,1037,,,,,,,,,,
02/01/1982,Single Detached,369,,,,,,,,,,
02/01/1982,Total,1406,2876,8413,41,7,19,161,2297,3,1280,323
03/01/1982,All Others,795,,,,,,,,,,
03/01/1982,Total,1236,1779,7454,70,58,30,57,2746,1,1190,287
03/01/1982,Single Detached,441,,,,,,,,,,
04/01/1982,All Others,1775,,,,,,,,,,
04/01/1982,Total,2430,1851,9061,399,45,49,185,2154,0,1204,744
04/01/1982,Single Detached,655,,,,,,,,,,
05/01/1982,Total,1960,1130,8290,82,49,47,139,2913,1,1637,332
05/01/1982,Single Detached,766,,,,,,,,,,
05/01/1982,All Others,1194,,,,,,,,,,
06/01/1982,All Others,3231,,,,,,,,,,
06/01/1982,Single Detached,697,,,,,,,,,,
06/01/1982,Total,3928,968,9288,155,66,82,218,2105,12,1426,328
07/01/1982,Total,2531,1089,8065,61,95,69,225,2087,3,1112,793
07/01/1982,Single Detached,382,,,,,,,,,,
07/01/1982,All Others,2149,,,,,,,,,,
08/01/1982,All Others,537,,,,,,,,,,
08/01/1982,Single Detached,518,,,,,,,,,,
08/01/1982,Total,1055,696,6672,63,121,73,219,3400,9,804,232
09/01/1982,Single Detached,308,,,,,,,,,,
09/01/1982,All Others,937,,,,,,,,,,
09/01/1982,Total,1245,871,6345,56,113,73,186,2113,4,1272,412
10/01/1982,All Others,678,,,,,,,,,,
10/01/1982,Single Detached,669,,,,,,,,,,
10/01/1982,Total,1347,858,9099,193,120,187,226,3298,51,2371,448
11/01/1982,Total,1567,1044,11208,358,75,115,243,4816,5,2385,600
11/01/1982,Single Detached,441,,,,,,,,,,
11/01/1982,All Others,1126,,,,,,,,,,
12/01/1982,Single Detached,638,,,,,,,,,,
12/01/1982,Total,860,1251,10498,115,19,65,434,4047,11,3224,472
12/01/1982,All Others,222,,,,,,,,,,
01/01/1983,Single Detached,658,,,,,,,,,,
01/01/1983,All Others,667,,,,,,,,,,
01/01/1983,Total,1325,984,8514,126,54,42,224,3431,10,1957,361
02/01/1983,Total,1346,783,6661,277,40,33,178,2363,5,1164,472
02/01/1983,All Others,763,,,,,,,,,,
02/01/1983,Single Detached,583,,,,,,,,,,
03/01/1983,All Others,419,,,,,,,,,,
03/01/1983,Single Detached,489,,,,,,,,,,
03/01/1983,Total,908,1339,8403,462,123,250,143,3158,0,1227,793
04/01/1983,Total,1205,2093,12413,549,350,184,219,3867,23,2717,1206
04/01/1983,All Others,289,,,,,,,,,,
04/01/1983,Single Detached,916,,,,,,,,,,
05/01/1983,Total,2351,2555,22557,1052,289,188,679,8491,31,5769,1152
05/01/1983,Single Detached,1377,,,,,,,,,,
05/01/1983,All Others,974,,,,,,,,,,
06/01/1983,All Others,824,,,,,,,,,,
06/01/1983,Single Detached,991,,,,,,,,,,
06/01/1983,Total,1815,2674,16354,519,483,132,471,4928,82,4688,562
07/01/1983,All Others,160,,,,,,,,,,
07/01/1983,Single Detached,595,,,,,,,,,,
07/01/1983,Total,755,1218,10526,643,109,101,428,3887,9,3071,305
08/01/1983,Total,934,1538,9154,292,152,73,276,3554,45,1837,453
08/01/1983,All Others,428,,,,,,,,,,
08/01/1983,Single Detached,506,,,,,,,,,,
09/01/1983,Single Detached,474,,,,,,,,,,
09/01/1983,Total,661,1128,9904,672,158,142,338,4413,16,2234,142
09/01/1983,All Others,187,,,,,,,,,,
10/01/1983,Single Detached,641,,,,,,,,,,
10/01/1983,Total,850,1499,9285,138,124,85,201,3723,92,2431,142
10/01/1983,All Others,209,,,,,,,,,,
11/01/1983,Total,636,1359,10114,261,114,79,223,3683,47,3472,240
11/01/1983,Single Detached,544,,,,,,,,,,
11/01/1983,All Others,92,,,,,,,,,,
12/01/1983,Total,470,1127,10322,211,127,106,272,4772,53,3079,105
12/01/1983,All Others,199,,,,,,,,,,
12/01/1983,Single Detached,271,,,,,,,,,,
01/01/1984,All Others,65,,,,,,,,,,
01/01/1984,Total,425,948,8635,409,16,40,164,2474,3,3779,377
01/01/1984,Single Detached,360,,,,,,,,,,
02/01/1984,Total,311,803,6710,323,43,49,121,2774,0,2066,220
02/01/1984,Single Detached,305,,,,,,,,,,
02/01/1984,All Others,6,,,,,,,,,,
03/01/1984,Single Detached,276,,,,,,,,,,
03/01/1984,Total,349,1543,6195,146,28,51,173,1841,7,1711,346
03/01/1984,All Others,73,,,,,,,,,,
04/01/1984,Single Detached,386,,,,,,,,,,
04/01/1984,Total,432,1208,9051,387,52,66,211,3867,14,2431,383
04/01/1984,All Others,46,,,,,,,,,,
05/01/1984,All Others,49,,,,,,,,,,
05/01/1984,Total,691,1638,11508,330,173,184,338,4235,53,3569,297
05/01/1984,Single Detached,642,,,,,,,,,,
06/01/1984,Total,574,1397,11977,500,277,112,372,4586,50,3793,316
06/01/1984,All Others,35,,,,,,,,,,
06/01/1984,Single Detached,539,,,,,,,,,,
07/01/1984,All Others,56,,,,,,,,,,
07/01/1984,Total,602,1192,9922,447,164,119,479,4105,9,2564,241
07/01/1984,Single Detached,546,,,,,,,,,,
08/01/1984,Single Detached,483,,,,,,,,,,
08/01/1984,All Others,16,,,,,,,,,,
08/01/1984,Total,499,1406,11029,371,196,111,293,4555,109,3161,328
09/01/1984,Total,361,1194,9545,882,116,108,330,3314,36,2829,375
09/01/1984,Single Detached,350,,,,,,,,,,
09/01/1984,All Others,11,,,,,,,,,,
10/01/1984,All Others,36,,,,,,,,,,
10/01/1984,Total,364,816,8863,393,291,104,268,3659,49,2774,145
10/01/1984,Single Detached,328,,,,,,,,,,
11/01/1984,Single Detached,262,,,,,,,,,,
11/01/1984,All Others,8,,,,,,,,,,
11/01/1984,Total,270,812,8647,178,205,102,419,3349,20,3053,239
12/01/1984,All Others,95,,,,,,,,,,
12/01/1984,Total,332,855,8792,288,67,47,193,3561,16,3244,189
12/01/1984,Single Detached,237,,,,,,,,,,
01/01/1985,Total,282,996,7662,424,116,29,460,1942,4,3214,195
01/01/1985,Single Detached,251,,,,,,,,,,
01/01/1985,All Others,31,,,,,,,,,,
02/01/1985,All Others,33,,,,,,,,,,
02/01/1985,Single Detached,189,,,,,,,,,,
02/01/1985,Total,222,1206,6262,61,86,19,243,1208,8,3108,101
03/01/1985,Total,187,1113,7077,140,32,39,185,2704,7,2403,267
03/01/1985,Single Detached,187,,,,,,,,,,
03/01/1985,All Others,0,,,,,,,,,,
04/01/1985,Single Detached,337,,,,,,,,,,
04/01/1985,Total,347,1792,11714,762,137,92,207,5081,37,2910,349
04/01/1985,All Others,10,,,,,,,,,,
05/01/1985,Single Detached,478,,,,,,,,,,
05/01/1985,Total,493,1144,14340,431,386,146,528,6512,80,4009,611
05/01/1985,All Others,15,,,,,,,,,,
06/01/1985,Total,558,1486,13617,606,205,224,630,5874,42,3786,206
06/01/1985,All Others,76,,,,,,,,,,
06/01/1985,Single Detached,482,,,,,,,,,,
07/01/1985,All Others,62,,,,,,,,,,
07/01/1985,Total,674,1438,12690,794,308,172,582,5650,53,2418,601
07/01/1985,Single Detached,612,,,,,,,,,,
08/01/1985,Total,623,1414,12416,229,330,136,466,5881,49,2911,377
08/01/1985,All Others,8,,,,,,,,,,
08/01/1985,Single Detached,615,,,,,,,,,,
09/01/1985,Total,727,1197,13265,451,254,187,487,5459,53,4037,413
09/01/1985,All Others,59,,,,,,,,,,
09/01/1985,Single Detached,668,,,,,,,,,,
10/01/1985,Single Detached,679,,,,,,,,,,
10/01/1985,Total,699,1702,13697,286,231,162,363,6290,10,3466,488
10/01/1985,All Others,20,,,,,,,,,,
11/01/1985,All Others,25,,,,,,,,,,
11/01/1985,Single Detached,726,,,,,,,,,,
11/01/1985,Total,751,1508,14326,562,181,122,438,6046,113,4337,268
12/01/1985,All Others,4,,,,,,,,,,
12/01/1985,Single Detached,477,,,,,,,,,,
12/01/1985,Total,481,1161,12342,626,201,64,354,4406,9,4805,235
01/01/1986,Total,538,1707,9335,442,97,80,496,2803,10,2969,193
01/01/1986,All Others,78,,,,,,,,,,
01/01/1986,Single Detached,460,,,,,,,,,,
02/01/1986,Total,421,1308,8136,512,44,32,162,3111,45,2282,219
02/01/1986,Single Detached,411,,,,,,,,,,
02/01/1986,All Others,10,,,,,,,,,,
03/01/1986,Single Detached,513,,,,,,,,,,
03/01/1986,Total,553,1224,8517,453,91,16,79,3831,10,2091,169
03/01/1986,All Others,40,,,,,,,,,,
04/01/1986,All Others,36,,,,,,,,,,
04/01/1986,Total,532,1879,16190,680,158,132,395,6830,92,5027,465
04/01/1986,Single Detached,496,,,,,,,,,,
05/01/1986,All Others,57,,,,,,,,,,
05/01/1986,Total,671,1628,18396,385,406,298,583,7179,118,6752,376
05/01/1986,Single Detached,614,,,,,,,,,,
06/01/1986,All Others,79,,,,,,,,,,
06/01/1986,Total,496,2026,17407,688,373,169,356,8030,81,4826,362
06/01/1986,Single Detached,417,,,,,,,,,,
07/01/1986,Total,534,1646,15643,1076,352,167,573,6586,86,4161,462
07/01/1986,All Others,118,,,,,,,,,,
07/01/1986,Single Detached,416,,,,,,,,,,
08/01/1986,All Others,76,,,,,,,,,,
08/01/1986,Single Detached,413,,,,,,,,,,
08/01/1986,Total,489,1520,14498,491,256,164,692,6070,45,4312,459
09/01/1986,Total,437,1667,17106,521,170,109,732,7658,52,5440,320
09/01/1986,Single Detached,419,,,,,,,,,,
09/01/1986,All Others,18,,,,,,,,,,
10/01/1986,Total,511,1703,15883,569,282,119,391,6761,67,5079,401
10/01/1986,All Others,37,,,,,,,,,,
10/01/1986,Single Detached,474,,,,,,,,,,
11/01/1986,Total,567,1460,15536,312,205,99,391,7123,42,4789,548
11/01/1986,Single Detached,412,,,,,,,,,,
11/01/1986,All Others,155,,,,,,,,,,
12/01/1986,Total,634,1099,14216,459,144,92,360,5931,40,4935,522
12/01/1986,All Others,318,,,,,,,,,,
12/01/1986,Single Detached,316,,,,,,,,,,
01/01/1987,All Others,19,,,,,,,,,,
01/01/1987,Total,268,1406,14246,633,157,30,172,5730,45,5398,407
01/01/1987,Single Detached,249,,,,,,,,,,
02/01/1987,All Others,14,,,,,,,,,,
02/01/1987,Single Detached,272,,,,,,,,,,
02/01/1987,Total,286,1286,9827,555,37,20,184,5001,21,2137,300
03/01/1987,All Others,65,,,,,,,,,,
03/01/1987,Single Detached,420,,,,,,,,,,
03/01/1987,Total,485,1618,14187,266,47,12,150,6694,13,4567,335
04/01/1987,Total,639,2516,19358,792,234,104,444,8730,68,5639,192
04/01/1987,All Others,38,,,,,,,,,,
04/01/1987,Single Detached,601,,,,,,,,,,
05/01/1987,All Others,82,,,,,,,,,,
05/01/1987,Total,964,2635,24846,633,359,260,404,10413,134,8755,289
05/01/1987,Single Detached,882,,,,,,,,,,
06/01/1987,Single Detached,784,,,,,,,,,,
06/01/1987,All Others,119,,,,,,,,,,
06/01/1987,Total,903,2749,23433,565,314,193,755,10554,70,6780,550
07/01/1987,Single Detached,772,,,,,,,,,,
07/01/1987,Total,908,2883,21529,909,269,203,414,9599,72,5835,437
07/01/1987,All Others,136,,,,,,,,,,
08/01/1987,All Others,95,,,,,,,,,,
08/01/1987,Total,957,3222,21052,723,188,147,500,9047,34,5950,284
08/01/1987,Single Detached,862,,,,,,,,,,
09/01/1987,Single Detached,672,,,,,,,,,,
09/01/1987,All Others,51,,,,,,,,,,
09/01/1987,Total,723,2578,17875,395,127,183,299,8431,78,4728,333
10/01/1987,All Others,58,,,,,,,,,,
10/01/1987,Single Detached,662,,,,,,,,,,
10/01/1987,Total,720,2330,16894,342,254,133,394,7225,34,5235,227
11/01/1987,Total,936,2020,18004,236,210,106,491,7208,29,6394,374
11/01/1987,All Others,203,,,,,,,,,,
11/01/1987,Single Detached,733,,,,,,,,,,
12/01/1987,All Others,120,,,,,,,,,,
12/01/1987,Total,643,1218,14089,851,113,57,312,5268,17,5339,271
12/01/1987,Single Detached,523,,,,,,,,,,
01/01/1988,All Others,39,,,,,,,,,,
01/01/1988,Single Detached,508,,,,,,,,,,
01/01/1988,Total,547,1470,11687,301,62,38,121,5041,39,3941,127
02/01/1988,Single Detached,413,,,,,,,,,,
02/01/1988,Total,447,1326,9173,162,62,38,120,4179,38,2645,156
02/01/1988,All Others,34,,,,,,,,,,
03/01/1988,Total,416,1845,11583,129,92,59,218,4523,22,4108,171
03/01/1988,All Others,26,,,,,,,,,,
03/01/1988,Single Detached,390,,,,,,,,,,
04/01/1988,Single Detached,754,,,,,,,,,,
04/01/1988,Total,799,2573,17834,482,186,101,327,7976,54,4970,366
04/01/1988,All Others,45,,,,,,,,,,
05/01/1988,Single Detached,610,,,,,,,,,,
05/01/1988,All Others,65,,,,,,,,,,
05/01/1988,Total,675,2256,21996,497,394,213,347,10687,118,6399,410
06/01/1988,Total,940,3139,19046,634,270,221,469,7886,91,5140,256
06/01/1988,Single Detached,835,,,,,,,,,,
06/01/1988,All Others,105,,,,,,,,,,
07/01/1988,Single Detached,753,,,,,,,,,,
07/01/1988,All Others,85,,,,,,,,,,
07/01/1988,Total,838,2622,16795,425,337,202,310,8281,68,3353,359
08/01/1988,Total,847,2846,18659,336,206,266,621,8977,99,4111,350
08/01/1988,All Others,153,,,,,,,,,,
08/01/1988,Single Detached,694,,,,,,,,,,
09/01/1988,Single Detached,826,,,,,,,,,,
09/01/1988,Total,1060,2240,15976,556,225,190,280,7776,46,3360,243
09/01/1988,All Others,234,,,,,,,,,,
10/01/1988,All Others,238,,,,,,,,,,
10/01/1988,Single Detached,633,,,,,,,,,,
10/01/1988,Total,871,2574,16096,461,171,195,351,7497,48,3765,163
11/01/1988,All Others,310,,,,,,,,,,
11/01/1988,Single Detached,740,,,,,,,,,,
11/01/1988,Total,1050,2166,17331,261,245,108,272,8224,65,4673,267
12/01/1988,Single Detached,547,,,,,,,,,,
12/01/1988,All Others,175,,,,,,,,,,
12/01/1988,Total,722,1819,13459,204,183,79,234,5897,93,4116,112
01/01/1989,Total,600,2554,13678,100,69,62,217,7243,27,2723,83
01/01/1989,Single Detached,478,,,,,,,,,,
01/01/1989,All Others,122,,,,,,,,,,
02/01/1989,All Others,173,,,,,,,,,,
02/01/1989,Single Detached,340,,,,,,,,,,
02/01/1989,Total,513,1898,9774,120,31,46,178,4560,17,2339,72
03/01/1989,Total,755,2402,12150,324,50,44,93,6160,20,2229,73
03/01/1989,Single Detached,606,,,,,,,,,,
03/01/1989,All Others,149,,,,,,,,,,
04/01/1989,Single Detached,780,,,,,,,,,,
04/01/1989,Total,834,3008,17392,222,200,204,416,7831,24,4422,231
04/01/1989,All Others,54,,,,,,,,,,
05/01/1989,Single Detached,1143,,,,,,,,,,
05/01/1989,Total,1242,2970,19127,257,288,210,376,8251,89,5292,152
05/01/1989,All Others,99,,,,,,,,,,
06/01/1989,All Others,119,,,,,,,,,,
06/01/1989,Single Detached,1055,,,,,,,,,,
06/01/1989,Total,1174,3401,17697,390,287,316,297,8265,94,3301,172
07/01/1989,Single Detached,1080,,,,,,,,,,
07/01/1989,All Others,418,,,,,,,,,,
07/01/1989,Total,1498,2761,16421,619,327,157,401,7341,125,2967,225
08/01/1989,All Others,155,,,,,,,,,,
08/01/1989,Single Detached,856,,,,,,,,,,
08/01/1989,Total,1011,3076,15483,261,260,350,267,7101,30,2998,129
09/01/1989,All Others,118,,,,,,,,,,
09/01/1989,Single Detached,999,,,,,,,,,,
09/01/1989,Total,1117,4470,16338,231,218,226,317,5617,35,4033,74
10/01/1989,Total,1299,2750,15764,216,184,247,519,6293,70,4082,104
10/01/1989,Single Detached,974,,,,,,,,,,
10/01/1989,All Others,325,,,,,,,,,,
11/01/1989,Total,1316,2622,15608,356,185,174,375,6844,72,3598,66
11/01/1989,Single Detached,1110,,,,,,,,,,
11/01/1989,All Others,206,,,,,,,,,,
12/01/1989,Total,986,2731,13891,51,100,116,429,5520,29,3875,54
12/01/1989,All Others,154,,,,,,,,,,
12/01/1989,Single Detached,832,,,,,,,,,,
01/01/1990,All Others,219,,,,,,,,,,
01/01/1990,Single Detached,979,,,,,,,,,,
01/01/1990,Total,1198,2637,13063,260,26,60,181,6192,26,2437,46
02/01/1990,Total,1057,3393,10178,124,60,20,82,3149,18,2239,36
02/01/1990,All Others,103,,,,,,,,,,
02/01/1990,Single Detached,954,,,,,,,,,,
03/01/1990,Single Detached,1294,,,,,,,,,,
03/01/1990,Total,1564,3054,12963,187,99,43,52,4901,22,2959,82
03/01/1990,All Others,270,,,,,,,,,,
04/01/1990,Total,2110,4109,16133,195,152,69,433,4983,27,3912,143
04/01/1990,All Others,241,,,,,,,,,,
04/01/1990,Single Detached,1869,,,,,,,,,,
05/01/1990,All Others,772,,,,,,,,,,
05/01/1990,Single Detached,1283,,,,,,,,,,
05/01/1990,Total,2055,3866,19088,305,168,251,252,6577,40,5400,174
06/01/1990,All Others,201,,,,,,,,,,
06/01/1990,Single Detached,1093,,,,,,,,,,
06/01/1990,Total,1294,2922,16603,212,276,232,507,4944,27,6028,161
07/01/1990,All Others,263,,,,,,,,,,
07/01/1990,Single Detached,800,,,,,,,,,,
07/01/1990,Total,1063,2038,13832,233,106,228,398,5959,90,3660,57
08/01/1990,Single Detached,688,,,,,,,,,,
08/01/1990,All Others,265,,,,,,,,,,
08/01/1990,Total,953,2754,11489,292,201,190,393,3731,82,2779,114
09/01/1990,Single Detached,758,,,,,,,,,,
09/01/1990,All Others,174,,,,,,,,,,
09/01/1990,Total,932,1962,9811,168,158,176,243,3873,35,2212,52
10/01/1990,Single Detached,652,,,,,,,,,,
10/01/1990,All Others,152,,,,,,,,,,
10/01/1990,Total,804,1917,9991,104,261,276,366,3566,27,2590,80
11/01/1990,Single Detached,656,,,,,,,,,,
11/01/1990,All Others,177,,,,,,,,,,
11/01/1990,Total,833,1472,9321,90,128,258,343,3111,107,2946,33
12/01/1990,All Others,182,,,,,,,,,,
12/01/1990,Total,569,1382,8148,104,95,81,400,2355,59,3087,16
12/01/1990,Single Detached,387,,,,,,,,,,
01/01/1991,Total,400,872,5402,58,53,73,121,2503,5,1290,27
01/01/1991,Single Detached,297,,,,,,,,,,
01/01/1991,All Others,103,,,,,,,,,,
02/01/1991,Single Detached,382,,,,,,,,,,
02/01/1991,Total,420,1102,4463,67,25,17,194,1552,6,1069,11
02/01/1991,All Others,38,,,,,,,,,,
03/01/1991,Total,512,1390,5679,73,39,17,297,1491,5,1831,24
03/01/1991,Single Detached,450,,,,,,,,,,
03/01/1991,All Others,62,,,,,,,,,,
04/01/1991,All Others,151,,,,,,,,,,
04/01/1991,Total,739,1635,10052,39,61,53,423,3214,51,3777,60
04/01/1991,Single Detached,588,,,,,,,,,,
05/01/1991,All Others,168,,,,,,,,,,
05/01/1991,Single Detached,879,,,,,,,,,,
05/01/1991,Total,1047,3090,14357,70,221,138,346,3864,62,5457,62
06/01/1991,Total,1075,3119,14346,135,157,238,200,5494,64,3810,54
06/01/1991,Single Detached,931,,,,,,,,,,
06/01/1991,All Others,144,,,,,,,,,,
07/01/1991,Total,940,3306,14498,298,174,217,385,5872,45,3193,68
07/01/1991,Single Detached,743,,,,,,,,,,
07/01/1991,All Others,197,,,,,,,,,,
08/01/1991,Single Detached,855,,,,,,,,,,
08/01/1991,Total,1075,2477,12799,127,269,169,469,5585,18,2519,91
08/01/1991,All Others,220,,,,,,,,,,
09/01/1991,All Others,164,,,,,,,,,,
09/01/1991,Single Detached,769,,,,,,,,,,
09/01/1991,Total,933,2249,11870,219,181,160,403,4983,28,2671,43
10/01/1991,Single Detached,794,,,,,,,,,,
10/01/1991,All Others,330,,,,,,,,,,
10/01/1991,Total,1124,3417,14068,214,165,162,308,4201,32,4392,53
11/01/1991,All Others,332,,,,,,,,,,
11/01/1991,Single Detached,719,,,,,,,,,,
11/01/1991,Total,1051,2520,12340,83,113,126,288,4296,36,3780,47
12/01/1991,Single Detached,577,,,,,,,,,,
12/01/1991,All Others,214,,,,,,,,,,
12/01/1991,Total,791,2456,10220,55,165,103,247,3068,4,3305,26
01/01/1992,Single Detached,530,,,,,,,,,,
01/01/1992,Total,729,1823,7450,103,57,49,92,2404,2,2158,33
01/01/1992,All Others,199,,,,,,,,,,
02/01/1992,Single Detached,600,,,,,,,,,,
02/01/1992,Total,756,1863,7117,84,9,11,203,3204,21,922,44
02/01/1992,All Others,156,,,,,,,,,,
03/01/1992,Total,968,2486,8626,144,20,28,55,3165,3,1661,96
03/01/1992,All Others,112,,,,,,,,,,
03/01/1992,Single Detached,856,,,,,,,,,,
04/01/1992,Total,1399,2844,13251,84,123,52,121,5176,29,3323,100
04/01/1992,Single Detached,1188,,,,,,,,,,
04/01/1992,All Others,211,,,,,,,,,,
05/01/1992,All Others,378,,,,,,,,,,
05/01/1992,Single Detached,1294,,,,,,,,,,
05/01/1992,Total,1672,2678,15782,158,259,135,270,5561,75,4837,137
06/01/1992,Single Detached,1289,,,,,,,,,,
06/01/1992,All Others,301,,,,,,,,,,
06/01/1992,Total,1590,4101,15229,179,299,132,302,4438,62,3968,158
07/01/1992,Single Detached,1020,,,,,,,,,,
07/01/1992,Total,1416,3504,14734,277,279,218,415,5646,36,2782,161
07/01/1992,All Others,396,,,,,,,,,,
08/01/1992,All Others,511,,,,,,,,,,
08/01/1992,Single Detached,986,,,,,,,,,,
08/01/1992,Total,1497,3418,11715,101,199,154,424,4092,22,1685,123
09/01/1992,All Others,260,,,,,,,,,,
09/01/1992,Total,1154,3245,12210,214,239,159,326,4200,47,2436,190
09/01/1992,Single Detached,894,,,,,,,,,,
10/01/1992,Total,1563,2810,11741,165,291,167,452,3678,81,2408,126
10/01/1992,Single Detached,1129,,,,,,,,,,
10/01/1992,All Others,434,,,,,,,,,,
11/01/1992,Single Detached,1066,,,,,,,,,,
11/01/1992,Total,1470,2976,11794,112,226,126,232,4155,17,2385,95
11/01/1992,All Others,404,,,,,,,,,,
12/01/1992,All Others,384,,,,,,,,,,
12/01/1992,Single Detached,927,,,,,,,,,,
12/01/1992,Total,1311,2851,10477,200,110,83,330,2974,4,2568,46
01/01/1993,Total,700,2068,6476,54,52,52,130,1840,12,1533,35
01/01/1993,All Others,168,,,,,,,,,,
01/01/1993,Single Detached,532,,,,,,,,,,
02/01/1993,All Others,424,,,,,,,,,,
02/01/1993,Total,1039,2145,6163,36,10,3,95,1674,1,1031,129
02/01/1993,Single Detached,615,,,,,,,,,,
03/01/1993,All Others,220,,,,,,,,,,
03/01/1993,Total,958,2886,8139,72,22,55,56,2540,4,1496,50
03/01/1993,Single Detached,738,,,,,,,,,,
04/01/1993,Total,1664,3629,13178,107,170,88,75,3713,22,3530,180
04/01/1993,All Others,554,,,,,,,,,,
04/01/1993,Single Detached,1110,,,,,,,,,,
05/01/1993,Total,1279,3198,13203,146,212,148,233,3949,61,3843,134
05/01/1993,Single Detached,1040,,,,,,,,,,
05/01/1993,All Others,239,,,,,,,,,,
06/01/1993,Total,1609,3394,12965,148,338,128,347,3093,51,3632,225
06/01/1993,All Others,561,,,,,,,,,,
06/01/1993,Single Detached,1048,,,,,,,,,,
07/01/1993,All Others,596,,,,,,,,,,
07/01/1993,Total,1518,3959,13653,261,231,218,403,4069,45,2821,128
07/01/1993,Single Detached,922,,,,,,,,,,
08/01/1993,All Others,423,,,,,,,,,,
08/01/1993,Single Detached,881,,,,,,,,,,
08/01/1993,Total,1304,4146,11580,276,306,140,363,3255,39,1649,102
09/01/1993,Total,1399,3034,10686,102,287,163,276,3324,39,1971,91
09/01/1993,Single Detached,912,,,,,,,,,,
09/01/1993,All Others,487,,,,,,,,,,
10/01/1993,Single Detached,1082,,,,,,,,,,
10/01/1993,Total,1484,3191,11879,211,165,135,415,3967,70,2155,86
10/01/1993,All Others,402,,,,,,,,,,
11/01/1993,All Others,241,,,,,,,,,,
11/01/1993,Single Detached,902,,,,,,,,,,
11/01/1993,Total,1143,3117,11668,127,202,140,289,4432,68,2033,117
12/01/1993,All Others,179,,,,,,,,,,
12/01/1993,Single Detached,847,,,,,,,,,,
12/01/1993,Total,1026,3406,10398,162,81,121,306,2991,25,2182,98
01/01/1994,Single Detached,691,,,,,,,,,,
01/01/1994,All Others,288,,,,,,,,,,
01/01/1994,Total,979,1885,6593,58,28,60,99,2048,26,1380,30
02/01/1994,All Others,320,,,,,,,,,,
02/01/1994,Total,927,2823,6537,121,33,15,50,1858,0,686,24
02/01/1994,Single Detached,607,,,,,,,,,,
03/01/1994,All Others,155,,,,,,,,,,
03/01/1994,Single Detached,614,,,,,,,,,,
03/01/1994,Total,769,2982,7591,87,29,6,111,1868,6,1671,62
04/01/1994,All Others,229,,,,,,,,,,
04/01/1994,Single Detached,1178,,,,,,,,,,
04/01/1994,Total,1407,2706,12602,126,150,85,157,3912,61,3877,121
05/01/1994,Total,1346,2998,14896,216,223,239,319,4393,60,4926,176
05/01/1994,All Others,183,,,,,,,,,,
05/01/1994,Single Detached,1163,,,,,,,,,,
06/01/1994,Single Detached,1076,,,,,,,,,,
06/01/1994,Total,1590,3759,14714,263,404,244,483,4208,59,3577,127
06/01/1994,All Others,514,,,,,,,,,,
07/01/1994,Single Detached,1003,,,,,,,,,,
07/01/1994,Total,1421,3181,13322,238,262,106,437,4835,55,2662,125
07/01/1994,All Others,418,,,,,,,,,,
08/01/1994,Total,1183,3051,10941,143,196,197,378,3985,35,1677,96
08/01/1994,Single Detached,740,,,,,,,,,,
08/01/1994,All Others,443,,,,,,,,,,
09/01/1994,All Others,416,,,,,,,,,,
09/01/1994,Single Detached,716,,,,,,,,,,
09/01/1994,Total,1132,2930,11074,148,189,158,430,4322,72,1538,155
10/01/1994,Single Detached,696,,,,,,,,,,
10/01/1994,Total,1230,2787,10978,129,178,140,232,4308,36,1682,256
10/01/1994,All Others,534,,,,,,,,,,
11/01/1994,Total,992,3288,10330,96,71,143,346,3578,32,1668,116
11/01/1994,Single Detached,671,,,,,,,,,,
11/01/1994,All Others,321,,,,,,,,,,
12/01/1994,Total,929,2229,7768,39,53,81,262,2245,13,1854,63
12/01/1994,Single Detached,546,,,,,,,,,,
12/01/1994,All Others,383,,,,,,,,,,
01/01/1995,All Others,176,,,,,,,,,,
01/01/1995,Single Detached,515,,,,,,,,,,
01/01/1995,Total,691,2595,6656,60,21,28,118,1898,7,1207,31
02/01/1995,Single Detached,429,,,,,,,,,,
02/01/1995,Total,858,1837,5403,47,14,14,96,1812,2,674,49
02/01/1995,All Others,429,,,,,,,,,,
03/01/1995,Single Detached,400,,,,,,,,,,
03/01/1995,All Others,100,,,,,,,,,,
03/01/1995,Total,500,1273,4816,53,17,20,86,1996,0,813,58
04/01/1995,Total,947,2124,8750,73,60,9,202,2798,24,2427,86
04/01/1995,All Others,256,,,,,,,,,,
04/01/1995,Single Detached,691,,,,,,,,,,
05/01/1995,All Others,120,,,,,,,,,,
05/01/1995,Total,739,1907,8490,126,226,52,360,2432,38,2424,186
05/01/1995,Single Detached,619,,,,,,,,,,
06/01/1995,All Others,151,,,,,,,,,,
06/01/1995,Total,906,2282,9410,182,174,151,447,3263,18,1823,164
06/01/1995,Single Detached,755,,,,,,,,,,
07/01/1995,Single Detached,665,,,,,,,,,,
07/01/1995,All Others,523,,,,,,,,,,
07/01/1995,Total,1188,2064,8065,242,184,134,281,2537,21,1282,132
08/01/1995,Total,1049,2096,7802,113,196,184,224,2910,29,833,168
08/01/1995,All Others,359,,,,,,,,,,
08/01/1995,Single Detached,690,,,,,,,,,,
09/01/1995,Total,848,2231,8049,84,181,123,234,3248,34,947,119
09/01/1995,All Others,130,,,,,,,,,,
09/01/1995,Single Detached,718,,,,,,,,,,
10/01/1995,Single Detached,719,,,,,,,,,,
10/01/1995,All Others,492,,,,,,,,,,
10/01/1995,Total,1211,1540,7295,103,208,109,213,2640,27,1102,142
11/01/1995,All Others,183,,,,,,,,,,
11/01/1995,Total,809,1895,7693,77,77,103,207,3403,43,999,80
11/01/1995,Single Detached,626,,,,,,,,,,
12/01/1995,All Others,197,,,,,,,,,,
12/01/1995,Total,795,1760,7097,55,66,59,227,2956,2,1107,70
12/01/1995,Single Detached,598,,,,,,,,,,
01/01/1996,Single Detached,428,,,,,,,,,,
01/01/1996,All Others,64,,,,,,,,,,
01/01/1996,Total,492,1213,4211,15,24,30,84,1813,4,482,54
02/01/1996,Total,514,1593,4369,83,9,10,64,1529,8,505,54
02/01/1996,Single Detached,390,,,,,,,,,,
02/01/1996,All Others,124,,,,,,,,,,
03/01/1996,Single Detached,555,,,,,,,,,,
03/01/1996,All Others,222,,,,,,,,,,
03/01/1996,Total,777,1644,5281,45,27,40,82,1610,22,906,128
04/01/1996,All Others,95,,,,,,,,,,
04/01/1996,Total,865,1765,7662,71,188,61,286,2538,33,1691,164
04/01/1996,Single Detached,770,,,,,,,,,,
05/01/1996,Single Detached,1093,,,,,,,,,,
05/01/1996,Total,1306,2342,11650,103,206,171,316,4175,57,2758,216
05/01/1996,All Others,213,,,,,,,,,,
06/01/1996,All Others,212,,,,,,,,,,
06/01/1996,Total,1428,2820,11894,250,197,123,330,4142,89,2273,242
06/01/1996,Single Detached,1216,,,,,,,,,,
07/01/1996,Total,1204,2950,10509,165,200,138,280,4101,40,1264,167
07/01/1996,All Others,112,,,,,,,,,,
07/01/1996,Single Detached,1092,,,,,,,,,,
08/01/1996,Total,1410,2374,9550,89,208,106,316,3725,26,991,305
08/01/1996,All Others,352,,,,,,,,,,
08/01/1996,Single Detached,1058,,,,,,,,,,
09/01/1996,All Others,251,,,,,,,,,,
09/01/1996,Single Detached,933,,,,,,,,,,
09/01/1996,Total,1184,2421,9993,98,166,111,288,4411,29,1056,229
10/01/1996,Single Detached,793,,,,,,,,,,
10/01/1996,All Others,251,,,,,,,,,,
10/01/1996,Total,1044,1521,8247,107,134,162,196,3714,30,1225,114
11/01/1996,Single Detached,898,,,,,,,,,,
11/01/1996,All Others,337,,,,,,,,,,
11/01/1996,Total,1235,2222,9974,156,155,140,294,4072,17,1535,148
12/01/1996,All Others,257,,,,,,,,,,
12/01/1996,Total,1016,1879,8464,61,97,146,270,3682,17,1223,73
12/01/1996,Single Detached,759,,,,,,,,,,
01/01/1997,All Others,169,,,,,,,,,,
01/01/1997,Single Detached,788,,,,,,,,,,
01/01/1997,Total,957,1195,6258,106,39,81,332,2601,2,887,58
02/01/1997,All Others,306,,,,,,,,,,
02/01/1997,Single Detached,1009,,,,,,,,,,
02/01/1997,Total,1315,1726,6563,99,17,31,134,2472,1,670,98
03/01/1997,Total,1372,1518,7141,88,19,16,238,2457,6,1342,85
03/01/1997,All Others,328,,,,,,,,,,
03/01/1997,Single Detached,1044,,,,,,,,,,
04/01/1997,Single Detached,1261,,,,,,,,,,
04/01/1997,All Others,335,,,,,,,,,,
04/01/1997,Total,1596,1815,11026,166,196,33,155,4569,12,2268,216
05/01/1997,Single Detached,1386,,,,,,,,,,
05/01/1997,All Others,387,,,,,,,,,,
05/01/1997,Total,1773,2839,13868,174,162,130,147,5055,56,3282,250
06/01/1997,All Others,418,,,,,,,,,,
06/01/1997,Total,1787,2703,12434,153,236,126,292,4327,50,2575,185
06/01/1997,Single Detached,1369,,,,,,,,,,
07/01/1997,All Others,378,,,,,,,,,,
07/01/1997,Single Detached,1380,,,,,,,,,,
07/01/1997,Total,1758,2493,12152,210,206,109,330,4923,48,1834,241
08/01/1997,Total,1642,2363,11416,136,161,122,317,5258,22,1196,199
08/01/1997,Single Detached,1310,,,,,,,,,,
08/01/1997,All Others,332,,,,,,,,,,
09/01/1997,Single Detached,1191,,,,,,,,,,
09/01/1997,All Others,325,,,,,,,,,,
09/01/1997,Total,1516,2270,11019,191,211,143,187,4934,16,1322,229
10/01/1997,Total,1757,2267,10930,169,145,133,166,4858,34,1258,143
10/01/1997,Single Detached,1148,,,,,,,,,,
10/01/1997,All Others,609,,,,,,,,,,
11/01/1997,Total,1901,2120,10769,95,173,133,199,4486,27,1468,167
11/01/1997,Single Detached,1335,,,,,,,,,,
11/01/1997,All Others,566,,,,,,,,,,
12/01/1997,Single Detached,1166,,,,,,,,,,
12/01/1997,Total,1564,1901,9645,77,62,87,235,4032,13,1532,142
12/01/1997,All Others,398,,,,,,,,,,
01/01/1998,Single Detached,979,,,,,,,,,,
01/01/1998,All Others,432,,,,,,,,,,
01/01/1998,Total,1411,1182,6435,64,7,52,77,2903,2,687,50
02/01/1998,Single Detached,1128,,,,,,,,,,
02/01/1998,All Others,570,,,,,,,,,,
02/01/1998,Total,1698,1557,6907,76,10,11,110,2723,3,584,135
03/01/1998,Total,1339,1328,7947,85,18,32,65,3704,14,1215,147
03/01/1998,All Others,203,,,,,,,,,,
03/01/1998,Single Detached,1136,,,,,,,,,,
04/01/1998,All Others,433,,,,,,,,,,
04/01/1998,Single Detached,1515,,,,,,,,,,
04/01/1998,Total,1948,1551,11500,278,72,43,79,4699,22,2506,302
05/01/1998,Total,2328,1645,12750,286,211,113,97,4840,37,2970,223
05/01/1998,All Others,661,,,,,,,,,,
05/01/1998,Single Detached,1667,,,,,,,,,,
06/01/1998,Single Detached,1545,,,,,,,,,,
06/01/1998,All Others,375,,,,,,,,,,
06/01/1998,Total,1920,1761,11175,233,223,80,219,4243,52,2241,203
07/01/1998,Single Detached,1437,,,,,,,,,,
07/01/1998,All Others,646,,,,,,,,,,
07/01/1998,Total,2083,1851,9920,203,296,77,224,3562,35,1333,256
08/01/1998,All Others,332,,,,,,,,,,
08/01/1998,Single Detached,1484,,,,,,,,,,
08/01/1998,Total,1816,1807,10729,136,228,163,400,4729,50,1205,195
09/01/1998,Total,1725,1633,10410,195,124,136,342,4792,21,1199,243
09/01/1998,Single Detached,1308,,,,,,,,,,
09/01/1998,All Others,417,,,,,,,,,,
10/01/1998,Single Detached,1184,,,,,,,,,,
10/01/1998,Total,1863,1228,10279,114,176,114,327,4981,29,1330,117
10/01/1998,All Others,679,,,,,,,,,,
11/01/1998,Single Detached,1254,,,,,,,,,,
11/01/1998,Total,1657,1033,9496,108,141,58,148,4530,22,1630,169
11/01/1998,All Others,403,,,,,,,,,,
12/01/1998,Single Detached,989,,,,,,,,,,
12/01/1998,Total,1937,1055,9245,78,109,52,83,4382,5,1443,101
12/01/1998,All Others,948,,,,,,,,,,
01/01/1999,Single Detached,746,,,,,,,,,,
01/01/1999,All Others,535,,,,,,,,,,
01/01/1999,Total,1281,650,6534,192,24,26,145,3147,25,976,68
02/01/1999,All Others,820,,,,,,,,,,
02/01/1999,Total,1524,783,6675,71,22,8,161,3315,5,727,59
02/01/1999,Single Detached,704,,,,,,,,,,
03/01/1999,All Others,385,,,,,,,,,,
03/01/1999,Total,1117,1276,7636,142,36,74,95,3513,2,1210,171
03/01/1999,Single Detached,732,,,,,,,,,,
04/01/1999,Total,1518,970,11480,202,106,68,255,5656,32,2457,216
04/01/1999,All Others,422,,,,,,,,,,
04/01/1999,Single Detached,1096,,,,,,,,,,
05/01/1999,All Others,267,,,,,,,,,,
05/01/1999,Total,1428,1368,13336,189,147,74,369,6784,65,2700,212
05/01/1999,Single Detached,1161,,,,,,,,,,
06/01/1999,All Others,886,,,,,,,,,,
06/01/1999,Single Detached,1324,,,,,,,,,,
06/01/1999,Total,2210,1169,13041,201,353,107,374,6202,48,2169,208
07/01/1999,All Others,667,,,,,,,,,,
07/01/1999,Single Detached,1302,,,,,,,,,,
07/01/1999,Total,1969,1424,11736,289,288,101,266,5475,69,1519,336
08/01/1999,Single Detached,1346,,,,,,,,,,
08/01/1999,Total,2438,1321,11657,197,196,122,149,5957,38,1007,232
08/01/1999,All Others,1092,,,,,,,,,,
09/01/1999,Total,1561,1403,11738,160,233,88,258,5740,32,1993,270
09/01/1999,Single Detached,1143,,,,,,,,,,
09/01/1999,All Others,418,,,,,,,,,,
10/01/1999,Single Detached,1109,,,,,,,,,,
10/01/1999,Total,1871,1094,11022,248,137,91,324,5492,39,1542,184
10/01/1999,All Others,762,,,,,,,,,,
11/01/1999,All Others,699,,,,,,,,,,
11/01/1999,Single Detached,1033,,,,,,,,,,
11/01/1999,Total,1732,1450,11822,116,197,116,278,6140,30,1648,115
12/01/1999,Total,1567,1268,10426,87,114,51,160,5504,14,1540,121
12/01/1999,All Others,498,,,,,,,,,,
12/01/1999,Single Detached,1069,,,,,,,,,,
01/01/2000,Total,1252,525,6722,63,147,49,181,3566,12,837,90
01/01/2000,All Others,387,,,,,,,,,,
01/01/2000,Single Detached,865,,,,,,,,,,
02/01/2000,Total,1220,992,7977,39,35,29,175,4558,9,845,75
02/01/2000,All Others,456,,,,,,,,,,
02/01/2000,Single Detached,764,,,,,,,,,,
03/01/2000,All Others,387,,,,,,,,,,
03/01/2000,Total,1323,702,8572,96,45,52,178,4496,17,1534,129
03/01/2000,Single Detached,936,,,,,,,,,,
04/01/2000,All Others,625,,,,,,,,,,
04/01/2000,Single Detached,1221,,,,,,,,,,
04/01/2000,Total,1846,1193,12629,140,120,80,200,6525,19,2351,155
05/01/2000,All Others,1183,,,,,,,,,,
05/01/2000,Single Detached,1255,,,,,,,,,,
05/01/2000,Total,2438,1264,12625,124,170,99,362,5367,51,2490,260
06/01/2000,All Others,627,,,,,,,,,,
06/01/2000,Total,2031,1102,11420,188,192,83,342,5276,50,1895,261
06/01/2000,Single Detached,1404,,,,,,,,,,
07/01/2000,Single Detached,1325,,,,,,,,,,
07/01/2000,All Others,607,,,,,,,,,,
07/01/2000,Total,1932,1125,13407,180,283,159,468,7365,45,1631,219
08/01/2000,Total,1914,867,11298,197,183,115,495,5705,54,1538,230
08/01/2000,All Others,750,,,,,,,,,,
08/01/2000,Single Detached,1164,,,,,,,,,,
09/01/2000,All Others,879,,,,,,,,,,
09/01/2000,Single Detached,1148,,,,,,,,,,
09/01/2000,Total,2027,1318,12438,137,365,102,162,6346,28,1804,149
10/01/2000,Single Detached,1083,,,,,,,,,,
10/01/2000,Total,1784,1549,12653,145,164,128,164,6821,64,1686,148
10/01/2000,All Others,701,,,,,,,,,,
11/01/2000,Single Detached,1063,,,,,,,,,,
11/01/2000,Total,2004,877,11720,97,214,78,159,6075,23,2065,128
11/01/2000,All Others,941,,,,,,,,,,
12/01/2000,Total,1735,839,9591,93,65,55,164,5323,17,1254,46
12/01/2000,All Others,741,,,,,,,,,,
12/01/2000,Single Detached,994,,,,,,,,,,
01/01/2001,Single Detached,849,,,,,,,,,,
01/01/2001,Total,1581,1191,8912,76,147,35,217,4602,16,960,87
01/01/2001,All Others,732,,,,,,,,,,
02/01/2001,Single Detached,894,,,,,,,,,,
02/01/2001,All Others,299,,,,,,,,,,
02/01/2001,Total,1193,949,7321,77,64,13,155,3712,3,1100,55
03/01/2001,Total,1318,806,8590,92,39,17,59,4655,11,1495,98
03/01/2001,All Others,422,,,,,,,,,,
03/01/2001,Single Detached,896,,,,,,,,,,
04/01/2001,Single Detached,1212,,,,,,,,,,
04/01/2001,All Others,892,,,,,,,,,,
04/01/2001,Total,2104,1368,13395,177,89,58,243,6473,22,2735,126
05/01/2001,Total,2257,1618,13592,129,153,131,171,6512,34,2467,120
05/01/2001,All Others,785,,,,,,,,,,
05/01/2001,Single Detached,1472,,,,,,,,,,
06/01/2001,All Others,709,,,,,,,,,,
06/01/2001,Single Detached,1696,,,,,,,,,,
06/01/2001,Total,2405,1633,14992,179,239,141,376,7463,25,2338,193
07/01/2001,Total,2176,1500,12009,255,283,158,399,5153,75,1765,245
07/01/2001,All Others,547,,,,,,,,,,
07/01/2001,Single Detached,1629,,,,,,,,,,
08/01/2001,Single Detached,1437,,,,,,,,,,
08/01/2001,Total,2205,1189,13286,160,239,135,319,7458,29,1443,109
08/01/2001,All Others,768,,,,,,,,,,
09/01/2001,Single Detached,1600,,,,,,,,,,
09/01/2001,All Others,631,,,,,,,,,,
09/01/2001,Total,2231,1487,12099,152,274,139,176,5885,45,1540,170
10/01/2001,Single Detached,1423,,,,,,,,,,
10/01/2001,All Others,1046,,,,,,,,,,
10/01/2001,Total,2469,1529,13011,125,306,105,156,6155,53,1796,317
11/01/2001,Total,2345,1376,13069,123,176,145,243,6519,49,1951,142
11/01/2001,Single Detached,1379,,,,,,,,,,
11/01/2001,All Others,966,,,,,,,,,,
12/01/2001,All Others,768,,,,,,,,,,
12/01/2001,Single Detached,1405,,,,,,,,,,
12/01/2001,Total,2173,1043,12004,88,191,103,253,5675,13,2351,114
01/01/2002,Total,1974,1310,11689,78,61,51,310,6087,3,1684,131
01/01/2002,Single Detached,1040,,,,,,,,,,
01/01/2002,All Others,934,,,,,,,,,,
02/01/2002,All Others,613,,,,,,,,,,
02/01/2002,Total,1911,1049,8983,92,45,32,122,4002,6,1604,120
02/01/2002,Single Detached,1298,,,,,,,,,,
03/01/2002,Total,2585,1300,11864,117,46,39,98,5291,15,2293,80
03/01/2002,All Others,1294,,,,,,,,,,
03/01/2002,Single Detached,1291,,,,,,,,,,
04/01/2002,Total,2669,1149,15319,153,186,113,206,6670,40,3952,181
04/01/2002,Single Detached,1774,,,,,,,,,,
04/01/2002,All Others,895,,,,,,,,,,
05/01/2002,All Others,1056,,,,,,,,,,
05/01/2002,Total,3149,1971,18369,215,249,245,361,8085,108,3772,214
05/01/2002,Single Detached,2093,,,,,,,,,,
06/01/2002,All Others,1356,,,,,,,,,,
06/01/2002,Total,3373,2159,17636,231,371,209,449,7171,46,3443,184
06/01/2002,Single Detached,2017,,,,,,,,,,
07/01/2002,All Others,643,,,,,,,,,,
07/01/2002,Single Detached,1664,,,,,,,,,,
07/01/2002,Total,2307,1833,16203,230,233,221,329,8065,126,2632,227
08/01/2002,Single Detached,1931,,,,,,,,,,
08/01/2002,Total,3211,2480,16919,213,220,120,411,7474,42,2541,207
08/01/2002,All Others,1280,,,,,,,,,,
09/01/2002,Single Detached,1847,,,,,,,,,,
09/01/2002,All Others,923,,,,,,,,,,
09/01/2002,Total,2770,1621,15054,341,288,160,342,6361,33,2761,377
10/01/2002,All Others,1559,,,,,,,,,,
10/01/2002,Total,3285,1828,17484,236,315,178,304,7919,56,3134,229
10/01/2002,Single Detached,1726,,,,,,,,,,
11/01/2002,Single Detached,1800,,,,,,,,,,
11/01/2002,Total,2984,2098,16518,161,448,110,350,7189,23,2987,168
11/01/2002,All Others,1184,,,,,,,,,,
12/01/2002,All Others,895,,,,,,,,,,
12/01/2002,Single Detached,1616,,,,,,,,,,
12/01/2002,Total,2511,1517,13088,100,186,72,439,5301,20,2709,233
01/01/2003,Single Detached,1378,,,,,,,,,,
01/01/2003,Total,1833,1181,9580,138,142,30,118,3802,21,2113,202
01/01/2003,All Others,455,,,,,,,,,,
02/01/2003,Single Detached,1439,,,,,,,,,,
02/01/2003,Total,2636,1533,13359,113,56,33,173,6778,9,1913,115
02/01/2003,All Others,1197,,,,,,,,,,
03/01/2003,All Others,1115,,,,,,,,,,
03/01/2003,Single Detached,1223,,,,,,,,,,
03/01/2003,Total,2338,1492,11605,107,46,23,293,4775,9,2323,199
04/01/2003,Single Detached,1628,,,,,,,,,,
04/01/2003,Total,2908,2197,16893,149,290,131,165,6523,23,4154,353
04/01/2003,All Others,1280,,,,,,,,,,
05/01/2003,All Others,1089,,,,,,,,,,
05/01/2003,Total,2739,1849,16802,200,292,258,232,6994,65,3960,213
05/01/2003,Single Detached,1650,,,,,,,,,,
06/01/2003,Single Detached,1800,,,,,,,,,,
06/01/2003,Total,2921,2051,17773,227,330,244,509,7554,101,3585,251
06/01/2003,All Others,1121,,,,,,,,,,
07/01/2003,Single Detached,1856,,,,,,,,,,
07/01/2003,Total,3103,2621,18374,227,453,206,453,7688,103,3277,243
07/01/2003,All Others,1247,,,,,,,,,,
08/01/2003,Single Detached,1657,,,,,,,,,,
08/01/2003,Total,3050,2331,18672,392,328,184,288,8081,38,3726,254
08/01/2003,All Others,1393,,,,,,,,,,
09/01/2003,All Others,1426,,,,,,,,,,
09/01/2003,Single Detached,1536,,,,,,,,,,
09/01/2003,Total,2962,2726,17772,287,275,169,255,7178,59,3632,229
10/01/2003,All Others,1198,,,,,,,,,,
10/01/2003,Single Detached,1484,,,,,,,,,,
10/01/2003,Total,2682,2812,20075,470,249,241,156,9280,52,3872,261
11/01/2003,Single Detached,1650,,,,,,,,,,
11/01/2003,All Others,955,,,,,,,,,,
11/01/2003,Total,2605,2122,16594,230,279,218,412,6623,37,3883,185
12/01/2003,All Others,955,,,,,,,,,,
12/01/2003,Total,2288,1805,14408,150,265,124,535,5655,36,3421,129
12/01/2003,Single Detached,1333,,,,,,,,,,
01/01/2004,Total,1985,2284,10177,96,67,62,141,3324,48,2015,155
01/01/2004,Single Detached,1325,,,,,,,,,,
01/01/2004,All Others,660,,,,,,,,,,
02/01/2004,Single Detached,1125,,,,,,,,,,
02/01/2004,All Others,1356,,,,,,,,,,
02/01/2004,Total,2481,1773,10980,160,35,92,68,3677,4,2624,66
03/01/2004,All Others,828,,,,,,,,,,
03/01/2004,Single Detached,1296,,,,,,,,,,
03/01/2004,Total,2124,2022,14326,149,37,41,250,5730,18,3773,182
04/01/2004,Single Detached,1688,,,,,,,,,,
04/01/2004,All Others,737,,,,,,,,,,
04/01/2004,Total,2425,3499,19804,219,179,147,192,7299,46,5528,270
05/01/2004,Total,2268,2856,20373,274,326,210,298,8141,78,5342,580
05/01/2004,All Others,671,,,,,,,,,,
05/01/2004,Single Detached,1597,,,,,,,,,,
06/01/2004,Single Detached,1854,,,,,,,,,,
06/01/2004,Total,3516,2653,19965,257,326,289,499,8002,116,4082,225
06/01/2004,All Others,1662,,,,,,,,,,
07/01/2004,All Others,714,,,,,,,,,,
07/01/2004,Total,2596,2478,17833,312,341,264,313,7439,72,3785,233
07/01/2004,Single Detached,1882,,,,,,,,,,
08/01/2004,All Others,960,,,,,,,,,,
08/01/2004,Total,2797,3264,20185,579,284,188,345,9060,48,3332,288
08/01/2004,Single Detached,1837,,,,,,,,,,
09/01/2004,Single Detached,1575,,,,,,,,,,
09/01/2004,Total,2895,2791,17768,253,294,204,349,7227,45,3384,326
09/01/2004,All Others,1320,,,,,,,,,,
10/01/2004,Single Detached,1675,,,,,,,,,,
10/01/2004,All Others,1547,,,,,,,,,,
10/01/2004,Total,3222,2104,18474,235,222,223,219,7810,49,4098,292
11/01/2004,All Others,1666,,,,,,,,,,
11/01/2004,Total,3202,2789,18970,238,251,207,209,6923,48,4770,333
11/01/2004,Single Detached,1536,,,,,,,,,,
12/01/2004,Total,2677,2362,15537,146,281,165,430,5264,31,3988,193
12/01/2004,Single Detached,1657,,,,,,,,,,
12/01/2004,All Others,1020,,,,,,,,,,
01/01/2005,All Others,738,,,,,,,,,,
01/01/2005,Single Detached,1116,,,,,,,,,,
01/01/2005,Total,1854,1870,9709,99,48,72,123,3257,48,2211,127
02/01/2005,Total,2215,1964,10901,145,36,73,91,3875,22,2379,101
02/01/2005,Single Detached,1364,,,,,,,,,,
02/01/2005,All Others,851,,,,,,,,,,
03/01/2005,All Others,1005,,,,,,,,,,
03/01/2005,Single Detached,1475,,,,,,,,,,
03/01/2005,Total,2480,2406,12746,232,62,42,78,4755,24,2561,106
04/01/2005,Total,3269,2633,19392,195,168,102,392,7140,17,5280,196
04/01/2005,All Others,1285,,,,,,,,,,
04/01/2005,Single Detached,1984,,,,,,,,,,
05/01/2005,Total,3681,2959,18414,209,351,229,419,6496,87,3743,240
05/01/2005,All Others,1681,,,,,,,,,,
05/01/2005,Single Detached,2000,,,,,,,,,,
06/01/2005,All Others,735,,,,,,,,,,
06/01/2005,Total,2655,2481,19454,309,375,192,325,9167,70,3520,360
06/01/2005,Single Detached,1920,,,,,,,,,,
07/01/2005,All Others,792,,,,,,,,,,
07/01/2005,Total,2810,2905,20169,373,304,196,357,9024,43,3907,250
07/01/2005,Single Detached,2018,,,,,,,,,,
08/01/2005,All Others,1230,,,,,,,,,,
08/01/2005,Total,2927,2666,15771,372,293,190,429,5736,59,2832,267
08/01/2005,Single Detached,1697,,,,,,,,,,
09/01/2005,Total,3698,3227,17698,238,233,198,227,5762,49,3822,244
09/01/2005,All Others,1859,,,,,,,,,,
09/01/2005,Single Detached,1839,,,,,,,,,,
10/01/2005,Total,3096,2923,16221,320,398,169,260,5227,30,3567,231
10/01/2005,Single Detached,1868,,,,,,,,,,
10/01/2005,All Others,1228,,,,,,,,,,
11/01/2005,All Others,1166,,,,,,,,,,
11/01/2005,Total,2952,2506,17635,262,213,138,342,6927,47,3995,253
11/01/2005,Single Detached,1786,,,,,,,,,,
12/01/2005,Single Detached,1753,,,,,,,,,,
12/01/2005,All Others,910,,,,,,,,,,
12/01/2005,Total,2663,2579,15360,125,188,158,215,5811,58,3434,129
01/01/2006,Single Detached,1858,,,,,,,,,,
01/01/2006,All Others,460,,,,,,,,,,
01/01/2006,Total,2318,2157,12104,131,165,68,241,4538,74,2237,175
02/01/2006,All Others,1101,,,,,,,,,,
02/01/2006,Single Detached,1944,,,,,,,,,,
02/01/2006,Total,3045,2764,12450,158,56,69,136,3920,38,2154,110
03/01/2006,Total,3526,3018,15181,268,45,24,201,4613,9,3309,168
03/01/2006,All Others,1776,,,,,,,,,,
03/01/2006,Single Detached,1750,,,,,,,,,,
04/01/2006,Single Detached,2345,,,,,,,,,,
04/01/2006,All Others,1118,,,,,,,,,,
04/01/2006,Total,3463,3407,17762,278,223,61,328,5670,32,4075,225
05/01/2006,Total,3880,2329,17909,281,242,156,366,6578,59,3754,264
05/01/2006,All Others,1350,,,,,,,,,,
05/01/2006,Single Detached,2530,,,,,,,,,,
06/01/2006,Total,4276,2635,19558,353,567,230,308,7671,58,3138,322
06/01/2006,Single Detached,2244,,,,,,,,,,
06/01/2006,All Others,2032,,,,,,,,,,
07/01/2006,Single Detached,2234,,,,,,,,,,
07/01/2006,All Others,1562,,,,,,,,,,
07/01/2006,Total,3796,3413,19298,260,339,161,463,7700,47,2782,337
08/01/2006,All Others,1149,,,,,,,,,,
08/01/2006,Total,3475,2415,15834,276,262,172,197,5623,92,3110,212
08/01/2006,Single Detached,2326,,,,,,,,,,
09/01/2006,Single Detached,2241,,,,,,,,,,
09/01/2006,Total,3338,2718,15322,197,295,180,245,5119,14,2927,289
09/01/2006,All Others,1097,,,,,,,,,,
10/01/2006,All Others,762,,,,,,,,,,
10/01/2006,Total,2801,2933,17595,622,234,119,215,6065,36,4246,324
10/01/2006,Single Detached,2039,,,,,,,,,,
11/01/2006,All Others,2458,,,,,,,,,,
11/01/2006,Total,4189,2531,17998,207,244,142,399,5748,34,4207,297
11/01/2006,Single Detached,1731,,,,,,,,,,
12/01/2006,Total,2775,2251,14019,144,201,112,229,4535,30,3548,194
12/01/2006,Single Detached,1608,,,,,,,,,,
12/01/2006,All Others,1167,,,,,,,,,,
01/01/2007,All Others,1442,,,,,,,,,,
01/01/2007,Total,3010,2538,13583,424,131,65,293,4493,14,2334,281
01/01/2007,Single Detached,1568,,,,,,,,,,
02/01/2007,Single Detached,1501,,,,,,,,,,
02/01/2007,Total,2443,2070,9471,96,34,62,169,2549,10,1871,167
02/01/2007,All Others,942,,,,,,,,,,
03/01/2007,All Others,1840,,,,,,,,,,
03/01/2007,Total,3353,2620,12582,231,73,22,66,3064,8,2903,242
03/01/2007,Single Detached,1513,,,,,,,,,,
04/01/2007,Single Detached,2131,,,,,,,,,,
04/01/2007,Total,3929,2836,17030,212,182,92,139,4918,47,4274,401
04/01/2007,All Others,1798,,,,,,,,,,
05/01/2007,Single Detached,2165,,,,,,,,,,
05/01/2007,Total,3684,2998,19374,554,333,154,302,6674,46,4081,548
05/01/2007,All Others,1519,,,,,,,,,,
06/01/2007,All Others,1153,,,,,,,,,,
06/01/2007,Single Detached,2153,,,,,,,,,,
06/01/2007,Total,3306,2948,18494,311,352,228,429,6084,76,4172,588
07/01/2007,All Others,1024,,,,,,,,,,
07/01/2007,Single Detached,2026,,,,,,,,,,
07/01/2007,Total,3050,2780,17367,334,380,237,292,6461,47,3232,554
08/01/2007,Single Detached,1955,,,,,,,,,,
08/01/2007,All Others,1597,,,,,,,,,,
08/01/2007,Total,3552,2741,17201,459,395,204,433,5721,39,3221,436
09/01/2007,Total,4366,3628,22033,379,367,227,383,6751,52,5442,438
09/01/2007,Single Detached,1738,,,,,,,,,,
09/01/2007,All Others,2628,,,,,,,,,,
10/01/2007,All Others,1658,,,,,,,,,,
10/01/2007,Total,3236,3276,17634,421,270,159,333,5876,34,3561,468
10/01/2007,Single Detached,1578,,,,,,,,,,
11/01/2007,Total,2704,3809,17816,257,248,219,244,6699,87,3126,423
11/01/2007,Single Detached,1399,,,,,,,,,,
11/01/2007,All Others,1305,,,,,,,,,,
12/01/2007,All Others,836,,,,,,,,,,
12/01/2007,Single Detached,1010,,,,,,,,,,
12/01/2007,Total,1846,2117,11157,154,233,157,237,3484,24,2668,237
01/01/2008,Single Detached,911,,,,,,,,,,
01/01/2008,Total,2320,2303,12153,263,187,68,115,4254,15,2330,298
01/01/2008,All Others,1409,,,,,,,,,,
02/01/2008,Total,1988,3619,13531,196,60,52,126,4399,17,2794,280
02/01/2008,Single Detached,854,,,,,,,,,,
02/01/2008,All Others,1134,,,,,,,,,,
03/01/2008,Total,4224,2371,15616,174,86,56,371,4987,9,2968,370
03/01/2008,Single Detached,942,,,,,,,,,,
03/01/2008,All Others,3282,,,,,,,,,,
04/01/2008,Single Detached,860,,,,,,,,,,
04/01/2008,All Others,1400,,,,,,,,,,
04/01/2008,Total,2260,3092,17209,326,153,73,265,6665,42,3964,369
05/01/2008,Total,2762,3080,19222,490,481,277,265,6570,71,4659,567
05/01/2008,Single Detached,1183,,,,,,,,,,
05/01/2008,All Others,1579,,,,,,,,,,
06/01/2008,Single Detached,1095,,,,,,,,,,
06/01/2008,Total,1649,2635,18338,309,442,212,381,8248,57,3706,699
06/01/2008,All Others,554,,,,,,,,,,
07/01/2008,Total,2184,2854,15456,336,376,258,463,5088,47,3348,502
07/01/2008,Single Detached,1155,,,,,,,,,,
07/01/2008,All Others,1029,,,,,,,,,,
08/01/2008,Single Detached,968,,,,,,,,,,
08/01/2008,All Others,744,,,,,,,,,,
08/01/2008,Total,1712,2440,16807,346,259,316,245,8026,59,3082,322
09/01/2008,Total,1881,3126,17661,337,355,268,376,7305,31,3575,407
09/01/2008,All Others,885,,,,,,,,,,
09/01/2008,Single Detached,996,,,,,,,,,,
10/01/2008,Total,1885,2376,17389,361,381,227,297,7403,45,4144,270
10/01/2008,Single Detached,916,,,,,,,,,,
10/01/2008,All Others,969,,,,,,,,,,
11/01/2008,Total,1431,1470,13500,337,239,196,240,4881,59,4236,411
11/01/2008,All Others,467,,,,,,,,,,
11/01/2008,Single Detached,964,,,,,,,,,,
12/01/2008,Total,1099,1491,10488,320,123,226,182,4098,43,2747,159
12/01/2008,All Others,337,,,,,,,,,,
12/01/2008,Single Detached,762,,,,,,,,,,
01/01/2009,All Others,372,,,,,,,,,,
01/01/2009,Single Detached,558,,,,,,,,,,
01/01/2009,Total,930,922,7309,140,121,130,91,2892,13,1997,73
02/01/2009,Single Detached,531,,,,,,,,,,
02/01/2009,Total,658,861,5660,138,68,47,153,2232,4,1410,89
02/01/2009,All Others,127,,,,,,,,,,
03/01/2009,Total,702,739,8605,170,70,47,121,4094,6,2561,95
03/01/2009,All Others,253,,,,,,,,,,
03/01/2009,Single Detached,449,,,,,,,,,,
04/01/2009,Total,873,867,8387,169,162,106,128,2776,23,3180,103
04/01/2009,All Others,255,,,,,,,,,,
04/01/2009,Single Detached,618,,,,,,,,,,
05/01/2009,Total,1063,837,10615,230,339,213,228,3728,77,3699,201
05/01/2009,All Others,243,,,,,,,,,,
05/01/2009,Single Detached,820,,,,,,,,,,
06/01/2009,Single Detached,956,,,,,,,,,,
06/01/2009,All Others,635,,,,,,,,,,
06/01/2009,Total,1591,1062,11686,294,316,230,255,4440,103,2990,405
07/01/2009,All Others,522,,,,,,,,,,
07/01/2009,Total,1624,1052,11313,286,333,270,295,3689,56,3458,250
07/01/2009,Single Detached,1102,,,,,,,,,,
08/01/2009,Total,1694,1512,12734,385,278,190,345,4260,94,3565,411
08/01/2009,All Others,460,,,,,,,,,,
08/01/2009,Single Detached,1234,,,,,,,,,,
09/01/2009,Single Detached,1527,,,,,,,,,,
09/01/2009,Total,2062,1468,13193,280,242,198,454,4831,75,3305,278
09/01/2009,All Others,535,,,,,,,,,,
10/01/2009,Total,2329,1532,14604,287,262,167,332,6048,101,3261,285
10/01/2009,Single Detached,1533,,,,,,,,,,
10/01/2009,All Others,796,,,,,,,,,,
11/01/2009,Total,2316,1481,13989,247,249,199,185,4817,73,3884,538
11/01/2009,Single Detached,1619,,,,,,,,,,
11/01/2009,All Others,697,,,,,,,,,,
12/01/2009,All Others,592,,,,,,,,,,
12/01/2009,Total,1899,1501,12268,163,182,223,199,4131,68,3696,206
12/01/2009,Single Detached,1307,,,,,,,,,,
01/01/2010,Total,1369,1686,10438,263,197,113,110,3404,21,2973,302
01/01/2010,All Others,366,,,,,,,,,,
01/01/2010,Single Detached,1003,,,,,,,,,,
02/01/2010,All Others,380,,,,,,,,,,
02/01/2010,Total,1687,1925,10637,267,40,68,343,4104,2,1967,234
02/01/2010,Single Detached,1307,,,,,,,,,,
03/01/2010,Total,2141,1726,11375,193,63,81,161,3406,6,3424,174
03/01/2010,All Others,804,,,,,,,,,,
03/01/2010,Single Detached,1337,,,,,,,,,,
04/01/2010,Single Detached,1501,,,,,,,,,,
04/01/2010,All Others,1090,,,,,,,,,,
04/01/2010,Total,2591,2111,15166,199,167,133,247,4996,26,4383,313
05/01/2010,Total,2299,1932,16178,264,359,257,407,5967,114,4236,343
05/01/2010,Single Detached,1593,,,,,,,,,,
05/01/2010,All Others,706,,,,,,,,,,
06/01/2010,Total,2130,2096,15346,485,375,285,258,4957,94,4223,443
06/01/2010,Single Detached,1603,,,,,,,,,,
06/01/2010,All Others,527,,,,,,,,,,
07/01/2010,Single Detached,1565,,,,,,,,,,
07/01/2010,Total,2523,1799,15947,767,491,230,572,4949,55,4157,404
07/01/2010,All Others,958,,,,,,,,,,
08/01/2010,Total,1971,2212,14855,405,391,231,240,5720,74,3036,575
08/01/2010,Single Detached,1292,,,,,,,,,,
08/01/2010,All Others,679,,,,,,,,,,
09/01/2010,Total,2252,2305,14402,231,153,197,332,4886,38,3623,385
09/01/2010,All Others,1061,,,,,,,,,,
09/01/2010,Single Detached,1191,,,,,,,,,,
10/01/2010,Single Detached,1155,,,,,,,,,,
10/01/2010,Total,1997,2020,13548,205,349,205,386,3855,16,4187,328
10/01/2010,All Others,842,,,,,,,,,,
11/01/2010,Single Detached,1115,,,,,,,,,,
11/01/2010,All Others,543,,,,,,,,,,
11/01/2010,Total,1658,1609,15540,293,216,193,256,7123,66,3541,585
12/01/2010,Single Detached,910,,,,,,,,,,
12/01/2010,All Others,474,,,,,,,,,,
12/01/2010,Total,1384,2180,12012,367,149,199,183,3519,80,3513,438
01/01/2011,Single Detached,710,,,,,,,,,,
01/01/2011,All Others,476,,,,,,,,,,
01/01/2011,Total,1186,1891,9823,154,52,110,298,3299,40,2516,277
02/01/2011,Total,1425,1805,10024,262,22,55,191,4018,10,1717,519
02/01/2011,All Others,444,,,,,,,,,,
02/01/2011,Single Detached,981,,,,,,,,,,
03/01/2011,Single Detached,638,,,,,,,,,,
03/01/2011,Total,1411,1436,11655,213,19,87,152,4940,13,3111,273
03/01/2011,All Others,773,,,,,,,,,,
04/01/2011,Single Detached,1122,,,,,,,,,,
04/01/2011,Total,1646,1898,14865,327,153,88,329,6157,45,3743,479
04/01/2011,All Others,524,,,,,,,,,,
05/01/2011,All Others,725,,,,,,,,,,
05/01/2011,Total,2127,2517,15962,414,236,267,365,5033,62,4525,416
05/01/2011,Single Detached,1402,,,,,,,,,,
06/01/2011,All Others,683,,,,,,,,,,
06/01/2011,Single Detached,1264,,,,,,,,,,
06/01/2011,Total,1947,1859,16244,330,350,338,313,6648,54,3816,589
07/01/2011,All Others,782,,,,,,,,,,
07/01/2011,Total,2144,2385,17230,550,489,322,504,6615,94,3667,460
07/01/2011,Single Detached,1362,,,,,,,,,,
08/01/2011,Single Detached,1410,,,,,,,,,,
08/01/2011,Total,2599,2057,14938,348,182,239,306,5949,68,2707,483
08/01/2011,All Others,1189,,,,,,,,,,
09/01/2011,All Others,694,,,,,,,,,,
09/01/2011,Single Detached,1355,,,,,,,,,,
09/01/2011,Total,2049,2402,16591,255,348,253,496,5468,94,4616,610
10/01/2011,Single Detached,1151,,,,,,,,,,
10/01/2011,Total,2640,2315,16868,549,205,168,254,6405,61,3612,659
10/01/2011,All Others,1489,,,,,,,,,,
11/01/2011,All Others,1214,,,,,,,,,,
11/01/2011,Single Detached,1164,,,,,,,,,,
11/01/2011,Total,2378,2184,15202,501,199,240,214,4948,90,3926,522
12/01/2011,Total,2053,1594,14942,256,204,154,651,5761,38,3842,389
12/01/2011,Single Detached,1106,,,,,,,,,,
12/01/2011,All Others,947,,,,,,,,,,
01/01/2012,Total,1570,1996,12308,400,136,181,124,5701,11,1717,472
01/01/2012,Single Detached,815,,,,,,,,,,
01/01/2012,All Others,755,,,,,,,,,,
02/01/2012,Single Detached,1033,,,,,,,,,,
02/01/2012,Total,2166,2235,11609,163,19,53,191,4282,8,1953,539
02/01/2012,All Others,1133,,,,,,,,,,
03/01/2012,Total,2433,1622,13761,321,32,59,237,6062,5,2571,419
03/01/2012,All Others,1446,,,,,,,,,,
03/01/2012,Single Detached,987,,,,,,,,,,
04/01/2012,All Others,1749,,,,,,,,,,
04/01/2012,Total,3101,1855,19843,302,120,193,209,7938,75,5285,765
04/01/2012,Single Detached,1352,,,,,,,,,,
05/01/2012,Single Detached,1337,,,,,,,,,,
05/01/2012,Total,2684,2257,17538,817,337,275,293,6682,40,3695,458
05/01/2012,All Others,1347,,,,,,,,,,
06/01/2012,Single Detached,1448,,,,,,,,,,
06/01/2012,All Others,1328,,,,,,,,,,
06/01/2012,Total,2776,2955,18143,285,398,267,355,6257,101,3967,782
07/01/2012,Single Detached,1595,,,,,,,,,,
07/01/2012,Total,2860,2098,17476,376,277,344,266,6409,93,4217,536
07/01/2012,All Others,1265,,,,,,,,,,
08/01/2012,Total,2451,2458,18193,656,274,283,560,7750,77,2999,685
08/01/2012,Single Detached,1423,,,,,,,,,,
08/01/2012,All Others,1028,,,,,,,,,,
09/01/2012,Single Detached,1390,,,,,,,,,,
09/01/2012,All Others,1338,,,,,,,,,,
09/01/2012,Total,2728,2358,17617,577,482,254,485,6018,99,3662,954
10/01/2012,Total,2569,2231,16112,389,164,178,753,5751,54,3223,800
10/01/2012,All Others,1353,,,,,,,,,,
10/01/2012,Single Detached,1216,,,,,,,,,,
11/01/2012,Single Detached,1376,,,,,,,,,,
11/01/2012,All Others,1767,,,,,,,,,,
11/01/2012,Total,3143,1823,16285,408,181,226,243,5257,41,4096,867
12/01/2012,All Others,905,,,,,,,,,,
12/01/2012,Single Detached,1220,,,,,,,,,,
12/01/2012,Total,2125,1587,14681,216,123,232,210,6307,75,3142,664
01/01/2013,Single Detached,973,,,,,,,,,,
01/01/2013,All Others,794,,,,,,,,,,
01/01/2013,Total,1767,1579,9328,233,111,82,518,2932,124,1502,480
02/01/2013,Total,2318,1570,10434,236,104,57,43,4350,12,1508,236
02/01/2013,All Others,1187,,,,,,,,,,
02/01/2013,Single Detached,1131,,,,,,,,,,
03/01/2013,Total,2383,1920,11495,601,21,52,327,3690,8,2052,441
03/01/2013,Single Detached,1178,,,,,,,,,,
03/01/2013,All Others,1205,,,,,,,,,,
04/01/2013,Single Detached,1468,,,,,,,,,,
04/01/2013,Total,3080,1918,13765,680,36,139,158,3863,14,3379,498
04/01/2013,All Others,1612,,,,,,,,,,
05/01/2013,Total,3465,1848,16518,350,278,223,398,6016,65,3249,626
05/01/2013,All Others,1980,,,,,,,,,,
05/01/2013,Single Detached,1485,,,,,,,,,,
06/01/2013,Single Detached,1501,,,,,,,,,,
06/01/2013,All Others,1674,,,,,,,,,,
06/01/2013,Total,3175,2560,15959,533,357,230,230,5378,62,2767,667
07/01/2013,All Others,1496,,,,,,,,,,
07/01/2013,Total,3034,2697,16445,837,145,187,397,5441,45,2979,683
07/01/2013,Single Detached,1538,,,,,,,,,,
08/01/2013,Single Detached,1581,,,,,,,,,,
08/01/2013,All Others,864,,,,,,,,,,
08/01/2013,Total,2445,2222,15002,353,279,206,185,6281,14,2175,842
09/01/2013,Total,2492,2584,15446,645,174,193,434,4847,46,2854,1177
09/01/2013,Single Detached,1474,,,,,,,,,,
09/01/2013,All Others,1018,,,,,,,,,,
10/01/2013,Total,2890,2049,15874,447,174,230,360,6006,24,2960,734
10/01/2013,Single Detached,1418,,,,,,,,,,
10/01/2013,All Others,1472,,,,,,,,,,
11/01/2013,All Others,1908,,,,,,,,,,
11/01/2013,Single Detached,1476,,,,,,,,,,
11/01/2013,Total,3384,2259,15969,613,203,256,157,5312,31,3292,462
12/01/2013,All Others,1475,,,,,,,,,,
12/01/2013,Total,2559,2480,13893,366,193,168,104,4499,57,3056,411
12/01/2013,Single Detached,1084,,,,,,,,,,
01/01/2014,Total,2500,1903,10989,186,40,66,91,4112,17,1506,568
01/01/2014,Single Detached,1036,,,,,,,,,,
01/01/2014,All Others,1464,,,,,,,,,,
02/01/2014,All Others,1174,,,,,,,,,,
02/01/2014,Single Detached,1297,,,,,,,,,,
02/01/2014,Total,2471,1617,11037,191,46,96,60,4003,10,2226,317
03/01/2014,Single Detached,1083,,,,,,,,,,
03/01/2014,Total,2758,2040,10019,210,16,17,139,2456,3,2057,323
03/01/2014,All Others,1675,,,,,,,,,,
04/01/2014,All Others,1814,,,,,,,,,,
04/01/2014,Single Detached,1448,,,,,,,,,,
04/01/2014,Total,3262,2075,15524,618,34,54,115,5254,12,3294,806
05/01/2014,Single Detached,1456,,,,,,,,,,
05/01/2014,Total,2721,2438,16732,593,132,184,239,5965,60,3756,644
05/01/2014,All Others,1265,,,,,,,,,,
06/01/2014,Total,4423,2324,16512,386,248,218,224,5109,55,2879,646
06/01/2014,Single Detached,1539,,,,,,,,,,
06/01/2014,All Others,2884,,,,,,,,,,
07/01/2014,Total,3131,2302,16817,720,419,172,452,6065,30,2846,680
07/01/2014,All Others,1328,,,,,,,,,,
07/01/2014,Single Detached,1803,,,,,,,,,,
08/01/2014,Total,3568,2938,15451,733,236,186,297,4641,17,2104,731
08/01/2014,All Others,1836,,,,,,,,,,
08/01/2014,Single Detached,1732,,,,,,,,,,
09/01/2014,Total,3613,2413,15394,431,127,117,331,4275,21,3225,841
09/01/2014,Single Detached,1513,,,,,,,,,,
09/01/2014,All Others,2100,,,,,,,,,,
10/01/2014,All Others,1680,,,,,,,,,,
10/01/2014,Total,3247,1913,14294,467,183,151,181,4515,52,2928,657
10/01/2014,Single Detached,1567,,,,,,,,,,
11/01/2014,Total,3079,2412,15812,276,166,134,279,5039,29,3844,554
11/01/2014,Single Detached,1510,,,,,,,,,,
11/01/2014,All Others,1569,,,,,,,,,,
12/01/2014,Total,2495,2366,13264,264,79,100,227,4731,28,2589,385
12/01/2014,Single Detached,1262,,,,,,,,,,
12/01/2014,All Others,1233,,,,,,,,,,
01/01/2015,Total,2936,1918,11529,473,87,181,122,4163,70,1300,279
01/01/2015,Single Detached,965,,,,,,,,,,
01/01/2015,All Others,1971,,,,,,,,,,
02/01/2015,Total,3183,1739,9026,175,22,19,51,2533,6,983,315
02/01/2015,Single Detached,1193,,,,,,,,,,
02/01/2015,All Others,1990,,,,,,,,,,
03/01/2015,Total,3675,2510,13043,219,6,16,90,4485,3,1730,309
03/01/2015,Single Detached,1086,,,,,,,,,,
03/01/2015,All Others,2589,,,,,,,,,,
04/01/2015,Total,2614,3102,14244,654,20,21,218,4905,2,2378,330
04/01/2015,Single Detached,1140,,,,,,,,,,
04/01/2015,All Others,1474,,,,,,,,,,
05/01/2015,Total,2687,2162,17319,259,93,120,632,7699,10,3187,470
05/01/2015,Single Detached,1131,,,,,,,,,,
05/01/2015,All Others,1556,,,,,,,,,,
